PC1,PC2,JobSatisfaction
-0.2996042323185839,2.4612695963019,4
0.16959093457940685,-1.6335372733743019,2
-3.0841069614105536,-0.8541233239476558,3
-1.1489533828588194,-1.2141484834418341,3
-1.9956030430792633,-1.3339938591619467,2
-1.2312494727012115,-1.2664120744317626,4
-1.3736667226345474,-1.8274019067296723,1
-3.0764381567950183,-1.2708042738478498,3
0.8566478472403826,-1.39131319619372,3
1.1316276142566233,-1.3298061616622234,3
-1.6874402917591254,-1.3138432583345647,2
-0.7703923074034792,-1.061871949159478,3
-1.8644810020969256,-1.2630558406378394,3
-2.326243834770692,-1.2350132645333693,4
-2.6231554985764998,-0.704758566170737,3
1.8643194863431976,-1.4577168013799617,1
-1.7683744740601588,-1.2837466111970224,2
-3.2217870033588647,-1.2153871204457731,4
5.687788763182536,0.6239325081075219,4
-1.9435261001063406,-1.1453494701994766,4
-1.5059756588894968,-1.189932725289585,3
-1.7311683753901486,2.2544371425450227,1
2.2901922923293943,-1.3515667297351044,2
-3.6367868501682294,-0.861515809298277,4
-2.3595318578560374,-0.9904732316695687,1
5.62734039781874,-1.5558127633153063,3
-1.3581059065256886,-1.0377901256092144,1
1.1542614547710255,3.5271570021129,2
3.878518106336157,-1.4290709529356376,4
3.3402755862290374,2.3539730307428712,1
-2.573807595023534,-1.180564630218631,4
-0.36944757667044675,-0.7995856248014167,4
-1.585461659449572,-1.198117479271201,3
-1.5361666814847987,2.503783310321417,4
-2.8931484998488273,-1.0464134417649524,4
-1.4124159400710796,-1.5593240862247844,3
-1.7828115118724044,3.756811874124918,3
-1.7944272474041771,3.5660718380068084,4
-1.9682571680944887,-1.1806960940913438,1
-0.1882318334880612,2.2276831118110003,1
-2.949688426970841,-1.0383478358389504,4
-2.866266717214523,-1.0130580120804287,1
-3.443073650386149,-0.6108886716736085,3
0.8144550319731271,2.359109518895356,3
-0.1776543962527976,-1.5383242981735858,4
6.176198207130176,-1.5746931160222415,3
0.9028903313128739,3.505559296151597,3
-2.336816752225109,-1.3701368656652226,2
1.0636435971862885,3.3876809320624814,4
-2.773858569097174,-1.2391527889886311,4
-0.822691398287211,-1.0892291235978724,3
-2.827498054877525,-0.6634339675038035,3
0.2843633105980952,3.3085949589200556,1
-0.15939120702790213,-0.9346326837280057,1
-0.9727793277298201,3.695168344729807,4
3.6115194965023836,-1.5425005521775115,4
1.4864761456041664,2.007285782307776,1
-1.7194729214511617,-1.2514281394114406,1
-0.2553173871151484,-1.6097599103730473,4
0.007883459227173116,-1.315417678888966,3
0.9213638766336805,-1.6664435265638415,4
0.2096607408982255,-1.2040579318585116,4
6.063116493072842,-2.125929840078412,3
4.657328140517152,1.6784033940410605,1
3.2834618815361476,-1.1715669039247578,3
2.5426501806183475,-1.3259338295554361,3
-0.7166465319907226,-1.1185630220689018,2
-0.06703418453223657,-1.5073956164953355,1
-2.0213828427733467,-1.4019111117579055,1
-2.8861383001618908,-1.0157201223874899,3
0.6788210946781482,2.1474370941585486,3
-1.79905735755394,-1.4864682755880176,2
-2.881722360443088,-1.131404997112614,2
-0.1612025671883435,-1.451495775465177,2
-2.3293898149215,-1.0934401049778388,4
0.30407879098803736,-1.466657632890195,4
1.850734222710928,3.553947235527103,1
0.9098251289597723,-1.3504940452756198,1
1.1089711124871655,-1.3355663746961788,3
-0.4226000972243307,-0.1379882171026003,2
-0.5778676386769808,-1.3785547951902275,4
-1.8020350098661904,-1.2303930814082629,3
1.1116791954009022,2.0962904222621686,4
1.1741212566898886,-1.6349689988751914,4
-0.9671667509442093,-1.3731806699844824,2
1.67631910942712,-1.63265200582896,4
-3.086403751628391,2.5068321245247835,1
-1.1792171002254836,-1.615692591731384,4
1.2760990555479927,-1.1293224405723097,4
1.3428736387656959,2.3830873023165196,4
3.814349054754449,-1.5151415311242944,2
0.5807581294047224,3.348813043603418,4
0.7878536143701516,2.0976151978810833,2
2.4994335874740647,-1.2989776768363375,1
0.9801163933330586,2.1730572141814286,3
1.9563520834744303,-1.625837237364776,3
-1.2760886483592502,2.34052526232262,3
-0.6343358226185567,2.443701693906612,3
5.7269816216909835,1.5286964146539899,3
-0.7597764607215196,-1.360231379985053,2
-1.9670599588910855,0.66609810600961,1
-3.1219839961738636,-1.0378723593057546,1
-3.6154776990195385,-0.5486651706846594,4
1.1263263365403482,-1.3514899676810759,3
-1.0269486186550834,-0.865261284994758,4
4.284304085133613,-0.3770819746731884,4
3.7724033694753647,-1.8177851849848723,2
-0.8702636245539874,4.20228691750199,3
-2.4996057598943024,-1.2396706592057065,4
-3.2961925904984164,-0.8955294962716797,4
3.253916637095753,-1.483373888301573,1
-0.9046311164775958,-1.0099091224328858,3
3.3749892501490057,0.1394991837411355,4
-2.159460877147898,-1.1299144341218965,3
-1.5516762222737646,-1.2387255657556673,2
0.2337665354424718,2.37305965819859,4
2.7502347510073877,-1.1295634798907455,1
1.4004181504982378,2.364652084116215,4
-2.4269646316757667,-1.3503466489508988,4
5.855075856475614,0.7390759293407608,4
-0.788223118534241,-1.569042136847127,3
0.5082904314093709,3.6648508114164025,2
-0.5057552881147723,-1.3400849152167584,2
7.2444854579188664,-2.0450403470541536,3
0.864500405425807,2.469177796805883,3
-1.7350782265703235,-1.1929459966338605,2
5.942292178833577,-1.633086809789843,4
-3.664054992042053,4.06997742222955,3
-2.8012057504356966,-0.9666852714626663,4
2.5423223343609136,-1.8252519335326098,1
-1.1554671119964837,-1.3540202239477725,3
0.8546318593707584,3.636235984247176,4
-1.028738901326638,2.8434326862719983,3
1.2644131615959828,2.1430420135686674,3
-0.5034910280269598,0.09706847032645716,3
-1.0591372738567226,-1.6109498704382816,2
0.4320054583904821,-1.0381944112497816,4
2.559710257652229,2.0103715985864734,3
-0.5963410447745021,2.514449744331006,3
0.6728042638516416,0.23851349216722226,4
-1.7598103829184422,-1.1436669528075258,1
-1.2631730305879252,-1.4525366071043437,4
-0.8447138002433335,-1.2503184739998063,3
-2.0098136506921147,-1.0593689232907426,3
0.25812110815687794,2.268463945137067,4
-1.8785271415788172,-1.1220639305940776,1
-2.28431992458422,-1.138437162991877,4
3.6766357144210837,-1.3250455400989378,1
-1.5639967954802332,-1.506556619691386,1
-3.563417805040558,-0.9691853162409485,2
1.6387749034222958,-1.6506068140533456,2
1.5134045902650464,3.484413640299534,2
0.5650600426186426,2.9272371342699635,3
1.624150361594306,-1.8703100025773511,2
1.3676746720404382,3.7054824881369286,4
0.08719906936961737,-1.2969800251668735,3
-0.6370304956222315,-1.4256776962282862,3
-1.561169464588043,-1.6470292307760355,2
3.0883294973761193,3.2352638435281103,4
-1.3391979132337852,3.462007308364106,3
-2.6827813264596827,-1.4311999442516086,4
-2.2398562854753723,-1.4900076108256812,2
-2.148043802098853,-1.3301367417731602,4
0.728631398849957,-1.18140620389694,4
-2.8934635036948952,-1.2071263602703144,3
3.6792393411415176,-1.1716984297890227,2
-0.20431053286813414,-1.4361589030562156,3
1.8779974757294418,2.176019890503969,4
0.5933104109300423,2.2474725768978323,4
-1.597432272777591,-1.2856448176256439,3
-2.2089649731298278,-1.0895626919961752,2
-3.897660619914598,2.9788648468178036,1
-0.8082334195520117,-1.451537890200625,2
0.5983882855968969,-1.4890840735363648,1
0.011510669379186605,2.3498089512139373,1
-0.5753429206414823,-1.5262862951405594,1
-2.5527037318858734,-0.9772936810918429,4
-3.787341708320798,-0.7854399026347199,4
4.916681266062164,2.775062698417097,1
-2.408205192996731,-1.0565688885864857,4
-1.909308707745417,-1.5749559273583347,4
-2.117539146718238,-1.2308666963506785,2
-2.0523936849159106,3.6888503814099085,2
-1.5446766418873523,-1.4738775908228887,3
-0.40983226188866856,-1.4921919742421075,1
-0.8312215312473843,-1.442943845419212,2
5.387795040555596,-1.5558217878596319,3
7.0150455958858196,-2.253335560003543,2
0.8442796076652471,-1.5240141595530525,3
1.7373371706936132,-1.160963113947199,2
8.185537028551641,-1.7722500754027708,3
-1.761088728887276,-1.3254766865416732,2
-1.5437543547732073,-0.8615750546641702,3
-1.3007319775814312,-1.5238154928703989,4
5.26514991246984,-1.8432204128002034,4
-0.6647857879218795,-1.3613738241000195,1
-1.2633082039074637,-1.1445872154705707,2
-0.48806713622259124,-1.3921901942679316,3
-0.6664395548034874,-1.4515969020942232,3
0.29927935161782293,-1.4557532714987536,4
-1.54751357862396,-1.1008468096881618,1
0.6319467426568093,-1.4784666378477687,4
-1.892836894713351,-1.2236873897638596,3
-0.15124793774526618,-1.5549564874247626,4
-1.1737904904017809,-0.7930670289153889,1
1.0489909406051305,3.6167713764911795,4
-2.437021870931613,-1.2334574105278393,2
-1.6932170529512534,-1.1759837903662194,4
-0.7978810048002166,-1.0082527293057537,4
0.6241584429169428,-1.228661574175961,1
2.4000778420594475,2.272733877536899,4
1.0642012974578319,-1.5247053631767955,3
0.243319935261861,2.4422477169159875,3
3.201305472722688,-1.9465627752323107,2
-2.3164032908480787,-0.7473394784519255,1
1.0566049149868484,1.2167390550190254,4
-0.6719907224301707,4.118235760699327,1
-2.3454379463154544,-0.8273604465104989,3
3.6119392465263807,1.8666496805165265,4
1.061195847267313,3.3777347307811123,1
0.826321648245235,-1.5245755816188664,2
-1.8391140027932582,-1.4389391173466113,2
1.8095086705137624,-1.4657868564456868,4
3.181465759223852,1.9673405936754338,3
-0.6372963216738657,-1.3070806758274869,3
-1.7639024524578624,-1.3335806515271,4
0.38664389852951053,3.2940415017260958,4
1.1036994654672319,2.164146467277263,4
1.256268135296015,3.7149232017729883,3
-2.9807342611257117,-0.8800471369053754,4
-1.5431509864485493,-1.3419614136481854,4
6.8908219686522845,-1.4394989690519915,4
-0.8805817239486483,-0.01359864826848499,3
4.330550543732183,0.6616742015834044,4
-1.783652700088621,-1.2229669759174069,4
5.122822607096974,1.830136245465613,4
-0.7300408975557305,-1.2236903601084554,1
7.737662808799378,0.6090169150134229,3
-1.5988339016598159,2.23763943343112,2
-2.647956567491079,-0.8632855431627362,3
-1.5734201402307861,-1.5043090826919727,3
-0.6506465043564058,3.75733721297504,4
-1.4988711506110317,-1.4140028902742499,1
-0.036741101753373306,-1.3031409479913345,4
4.5585946828587165,-1.3470743352389511,4
0.7626817887098846,-1.5055500693623851,3
-2.168913450799232,-1.1679568231192534,4
1.495244984291041,-1.5582695671558673,1
-1.4333109026511104,-1.4868143496423736,1
-0.39395301537980715,-1.4491450481617383,3
-0.41627711528869193,-1.128021431254777,3
2.6735949945584525,-1.149500295829465,3
-1.7744638291512629,-1.1487573543042944,4
-1.2077427853131646,-1.2274395445524071,1
-0.47317008887639456,3.6642636664493717,4
-1.1192022886054291,-1.1522002691472228,3
-0.02056125296535034,-1.4132189053993447,1
4.604485611860312,-1.949807831802356,3
-2.2439023671322698,-1.2819306561544588,4
-2.2305391018270107,-0.7276484234336681,2
-2.1745129348605268,-1.454796479988616,2
1.1682365559237395,2.06023231218204,4
-1.7419227592070907,-0.9751871861677346,1
4.560393821582219,0.9418152152103162,2
-3.1852418011796715,-0.7665725265443697,3
-1.0339930862334838,2.269469894009397,2
0.14835101765975386,-1.154398105249348,4
-1.0395855852666642,-0.8098906833532892,1
3.377052828401608,-1.365672159873462,4
1.5963041442886985,-1.6307061011960884,4
7.318733007669363,-1.7622406372037207,1
2.988242644235303,-0.9658201279109,2
-2.0976567660539063,-1.6107608298000424,4
-0.1638898571109001,2.295818689497466,4
-2.9671948842462936,-1.03362776925619,3
1.1660302320404026,-1.5401566983573616,4
1.986990721298076,-1.197947428778094,2
0.41782419334672344,2.031453881082286,1
-0.7242685910917713,-1.47041645887078,2
3.897762814012619,-1.8922105002413445,2
2.958028798943698,-1.9163574438602693,3
3.166013847942856,1.663921493722064,3
0.15331959578880516,2.3626909976353425,4
0.5553308602483686,-1.387130213701583,4
-1.063112522282503,-0.742248967539855,1
0.6796412753409432,-1.4672618168331415,4
-1.9650108507226107,-1.3330264909823306,3
-0.6215152487249852,-0.9286014283258485,4
-2.603792369416855,-0.9128660618498777,2
-2.332963042140114,-1.2645418724918276,4
2.868143795155456,-1.4554832966225977,1
-0.47586094902327924,-1.1272647355196128,2
-1.985057020717887,3.624874203289869,2
0.2576890225729504,4.01863511126063,4
-1.9599632994483156,-1.3465939636418218,4
3.8491000098787866,3.3093634771996774,2
-3.8769620012614396,-0.5462223696523902,3
2.3342228195057233,3.283982330622089,2
-2.3116765378560364,-1.2484754800674625,4
-0.15741572906170567,-1.5991278573517074,2
4.136794679460099,0.8801707891796962,2
-3.4380949744434126,2.5677819141346765,3
-0.7542568171682364,-0.9282478417665267,1
1.0959996214177252,2.253046906477386,4
2.317353280966422,-1.4449729503597044,4
0.35249648092456914,-1.4299338086547444,2
1.3735891088340566,2.0787565851267074,3
1.9833999535634388,-1.5342669019027406,2
0.12438007137924018,-0.908494062425201,3
-1.8072129336958758,-1.0414719417324874,4
-1.1294019195637781,0.6839340800038138,1
2.9679722949605125,-1.780079345445203,1
-2.2831998050991893,-1.2276812876827117,4
2.9341603992362173,-1.1753308288363302,2
5.11754626937107,-1.5077499007402053,1
-0.7843484410755722,-1.1722640546700964,4
1.870494797472366,-0.9461434046498205,3
0.18022061627512317,-1.3870160161580318,2
-2.3906849345978896,-1.0542059096450285,2
2.224561509808268,2.328247057127354,2
-0.9237975071686626,2.5450425812521567,3
1.031778489717511,3.4267851325565766,4
-0.40483911986669774,-1.5099375793704353,4
-2.2308414862802413,-1.0011834603804695,4
0.23216616695391196,-1.5418232000536298,4
1.718364106528243,-1.6048239476948991,3
5.292266192210169,-1.4263632339301664,4
-1.0526311113736435,2.4272401342346406,3
-0.2838150430506803,3.8038799238930174,4
2.9153983580832183,-1.6503011787060289,3
-0.5388725961621867,-1.1404405335489838,3
-0.29838754792509475,3.7315358672538075,2
-0.23466710385322176,-1.3699323460151445,3
-0.2227193341260984,-1.0171266036424176,1
1.2822064785322334,-1.6783565951205754,4
-0.301067304119171,1.9994392440971667,4
-1.5078998222805635,-0.8642567515803459,1
-2.240353677784933,-0.9230557879004382,4
0.6733141627782776,3.600639233608858,3
0.583886656370789,3.6004319340940056,2
-0.4413138177265753,-1.6319100545657856,4
2.3487219186671067,-1.50870383723235,4
1.410464820938731,-1.4551977091626034,4
0.5248283927659186,3.694224807144019,2
1.7194920461184764,-1.3130612791134624,2
-2.5713808034160293,-1.1960808327679036,4
-0.5196599217649599,-1.3554442356919996,2
-2.144687607182334,2.1850484589271955,3
1.2956427033378177,-1.2372080730893624,4
-0.9295598314797711,2.3903645744578013,3
-2.0292377723746906,0.6423028106742765,3
-1.454166202641931,-1.3632734871911871,2
1.1581482300468162,0.7936020779698787,3
0.4531660072512949,-1.635524289789603,1
-0.8674516359111871,2.63635618667552,3
0.7644760204652636,2.2243222485392393,3
-1.1552689789511355,-0.8760330663800521,4
-3.1479134141201692,3.000384639519591,2
-1.0133469602063105,2.464196756038368,4
2.545057304647516,2.053779655475847,4
0.21664323417952905,-1.1485106546863308,3
-0.42986300981929887,-1.4048928336770734,3
-2.669942966033171,2.160447853664531,4
-2.8762539115397634,4.091191739530938,3
-0.8940860210575741,-1.6775797653894844,1
-0.9207662750580522,-1.2706461593429474,3
1.0375720301691822,3.8859777446943697,2
0.7796430540684011,-0.9283232440168663,4
-0.29671883539052424,3.9476779587643596,3
-2.422067515008905,-0.9431481755465625,2
-3.3528882366047905,2.7850068820635614,2
-2.2416284048044792,-1.1841999001005845,4
-1.2417750298757313,-0.7742457008464884,2
-2.0711951289971076,-1.292317555213144,2
-0.18108785341358874,2.466389902902467,4
0.7590599564292805,-1.1894084087065766,3
1.3676865886228469,1.968273961519502,4
-1.780894993381432,-1.2677309464215616,3
-0.6338862498113381,3.9073163265311193,4
3.244399847661335,-1.2223903768049715,4
-0.7132709075207685,3.8512682560411244,3
-2.897896551115612,2.4716693731307746,2
-2.596865030619747,-0.8724165429645742,1
-2.5413674557841484,-1.0839416188538313,2
1.5032432362704524,2.1279672212883924,3
-3.3637099904928323,-0.8063099289453959,4
1.9756783299879146,-1.7315654163796896,1
0.250021459069642,3.5436280578670694,2
-1.4906353200205553,-1.2409330917071146,1
-0.978805239940011,-1.2348272239348987,2
4.66173285079578,-1.7948614647183923,2
-1.1134296906418177,-1.5916466569254215,3
3.217575095508824,-1.8645147871901206,1
-0.13104268522494938,3.586659914755419,3
1.3103937919596846,-1.6505391471222794,1
-1.605489580906504,-1.5447280747048855,4
-0.7606119172880932,-0.8252644693927309,3
-0.990016341634889,2.6637202195427787,4
1.6273226179207683,-1.625908905256909,3
-2.0168086606664195,-1.154902982070419,1
4.321597434437053,-1.284189142188103,3
4.464463771678586,1.5343590404172873,1
-0.32908018921890536,2.7104418207231147,3
1.64239150690364,3.4258914159979814,1
-0.8735348395796833,-1.3828103182160072,1
-2.4507222303950402,-1.0050520273902468,1
1.5133745550088746,-1.6322464056197639,3
-1.7237549555767324,-1.5496536411162771,4
3.38112922367197,-1.4729094348046066,4
-0.5859518492361822,-1.2684129698953592,3
-0.7659893587554182,-1.2113044424569626,4
7.453531418397977,-1.8051428781123067,1
1.1237766486773326,-1.7153637034230564,3
-0.28523539811361487,-0.6624948959074304,4
-2.4328312854019236,2.796567453487384,2
-2.469332158774754,3.931946457590776,3
-2.8431382698843755,-1.3007430567488223,4
5.886818840570448,0.7114493940224621,3
-2.5120043469538014,-1.3943765882527452,4
-1.6177568179206085,-1.4168553922938167,4
1.2737859059608123,-1.5235915750605948,3
-2.3416585342443286,-0.6517147301107766,2
-3.521770026730424,1.2944110453385937,4
1.759481619413823,2.3183865193168227,1
2.9985784560201014,2.278407042398906,4
6.471660191691647,-1.578691794941151,3
-0.44596762335357965,-1.4013395418695294,4
5.136085907222737,3.0549392845876793,1
0.15785378044917156,-1.6461880980771637,4
2.4725545438215137,-1.7838613365268037,3
-1.499778131244535,-1.0104138863596244,3
-0.8392871392276626,-1.2643882454348134,3
-0.5408928065347248,-1.4163639977118985,3
0.9742275119480693,3.5045836702051605,4
1.2556904894182144,-1.6227079675199767,2
2.388135986179369,-0.9682382317847779,3
-1.9579292188416029,-1.0772887493676733,4
-2.233098665711441,3.7328488316758177,2
0.1733274423033163,-0.8941065469090247,3
-0.9763638902849121,-0.41051795211319564,3
-0.40888290969208785,0.7380313332072228,1
-1.9730900143235177,-1.296031153389159,3
1.5753164825042727,2.2023901229927603,4
-3.135033774615687,-0.6469823518519616,3
1.956836260434404,3.446714043332044,4
5.505454602256911,0.528669392862075,2
1.1963310040239443,2.153990517784895,4
2.0473997344845283,3.336081128275829,3
3.6562912004936123,-1.6586491392309233,3
-1.0914565513591235,-1.2236278157094647,3
-0.22426656251431706,2.4612099126851334,4
1.653357288152735,-1.7930266324417965,1
0.9151901374476705,2.2090285171425204,2
-1.693261616532876,0.8198446023823206,3
-1.084211005662128,-1.002123500943551,4
1.7257094948116598,-1.5964429981716979,3
1.1890898614670689,0.9535482634645922,4
-3.6087014515297273,4.183614768690107,2
0.4031532645651269,2.370392347776979,1
0.1483409563785181,-0.7185930967832044,3
-1.4935866743867647,2.454687308751517,3
-0.660132597158851,2.4380708290153494,3
0.8734282440496812,2.3419705191766145,4
-3.674354649580232,-0.5005921759022263,4
0.15469735618605635,-1.0847513550497276,4
0.943257231657006,-1.1932928218939916,3
6.135925115688564,0.5573289054613731,1
1.6000118951188476,2.2168452223484487,2
1.405680708470838,-1.560284539551609,1
-0.8386131994130552,2.5833607418093876,3
-2.3185007138089033,2.3036430860134334,4
-0.4218354093355912,-1.074760773760507,3
0.271070437367013,-1.423484635259209,2
5.9002489213362175,-1.9838663076175067,3
-1.644109597690805,-1.2710408659499415,4
-0.305858172118721,3.6363092765282667,2
-3.187953236970073,-1.15440560650892,2
6.610092826299122,-0.6566559632657031,2
-1.52842385477928,2.2022136175463602,3
-2.275118733292922,-0.831041600448494,3
-2.95382942712022,2.734037426161269,1
-1.4621286521351637,-1.1944919924253006,4
-1.1152477738554787,2.4541077167003897,1
-1.7808598318026898,-0.9841797068965136,4
0.9993004179120998,1.9363787646696666,4
-2.002360473159926,-1.221762393461999,3
0.19739576593828662,3.5095892409358194,3
-3.260641664766502,-0.8346937033752555,2
-0.11599078443124448,-0.934412745283929,4
1.581099297165835,-1.4729801983852433,4
-2.6459823865372094,-1.158883914270731,1
0.3753745403579237,-1.4784889774789547,3
2.587234296433711,-1.2891603782410608,1
-0.7754443469440908,0.5726309718949111,3
-1.2807009020239992,2.3291953753257544,3
-2.2986699851712755,3.831803769630086,1
-2.684629552949942,2.6435828114568194,3
3.1058491645226134,-1.113354302157459,4
-2.6180458097777186,-1.3118653445868314,3
-0.4352221322373201,3.782736550417872,3
-0.7880748900206598,-1.2437243267520508,4
-2.9809829886668804,-1.2369782775490854,3
2.6770820640941086,1.7437633363739848,1
0.3394997874181581,-1.521228389261528,4
-1.0615414414210194,2.711643687066192,1
-2.3433228515118314,-1.0618887439264835,4
1.688819455371524,-1.471589549478237,3
-0.8338209723607869,2.294105032590435,3
1.7769221520074585,-1.422080700074844,4
1.2546751667963505,-1.3874756792326046,4
1.9262187160885988,-0.015495377168498282,2
-0.48390371532629317,-1.3214359825978559,2
-2.472349757969042,-1.0606733867459965,4
-3.7493532600402113,-0.7009134774587354,3
-0.5288395478727895,-0.9753183779512645,1
-2.7716868713508407,-1.0965385766813975,3
-2.367186376028743,-1.2047133089800781,1
-1.0725819571642006,2.2701479360370054,2
0.1999504552079459,3.6468039933382483,4
-0.6800934315430108,-1.269204424546233,4
0.3762878034604731,3.5032218106976964,2
-0.6720076180557611,2.119705712166094,4
-2.6503655473223238,-1.1721530233761126,4
1.1884554218479713,-1.8434065728439324,3
1.0406580157836742,-0.8674373793956084,2
-1.6391217104747795,2.8487145068484194,3
2.2173766526949064,-0.8849279481906402,3
0.6050603526045114,3.616234063917482,4
0.23837079917551757,2.614197872111905,3
0.4735349729300092,-0.8823376813135849,4
0.5445608159671093,-1.3005800713084659,1
1.8040043982939868,-1.4014683816463407,4
1.4106012195163964,3.504530638992774,1
3.505807032061215,1.7924606126303535,1
2.954870012126349,-1.8507613834224736,3
5.656881700271391,-0.26591998681612206,4
0.4379272919440972,3.5227370698643474,1
0.5042061543231476,-1.5428958678907785,1
5.254659211960063,-0.11612315224162115,3
-0.9133792647899809,3.3443617798217313,2
-1.2885334592103725,-0.9037108475162171,2
1.7464566396945533,-1.535665477064736,1
-0.7492322730850323,-1.050451868087701,3
-1.492063891553154,-1.1215547709096623,3
4.919343880821107,1.5818335039025104,3
1.2768471263207266,3.2631216427746326,4
-2.983462427042558,2.4962970044316175,3
-2.005446700680271,-1.0902640516272708,3
-0.22699319629641423,2.3536720196155376,4
-0.6815822672493422,-0.8404002484681712,3
-2.3566452403078473,-1.1488583471124274,1
0.42534645095361395,0.18584114160550427,2
2.6775875897699293,-1.4662046493999008,4
-2.0868072855721382,-1.4044764193587056,4
-0.27580217321465933,-1.0337408999847932,1
-1.9821732227114082,3.556361222521887,2
-0.7185746463914869,-1.3665557238429153,4
-1.0271829238602874,-0.743927186858443,1
0.2941600978567361,-1.3236861570820269,4
-2.050059870587668,-1.4474097014347025,3
-1.3215625959731887,-1.0998688959380714,1
6.935082108789776,1.924894014732323,1
-0.5052185614999847,-1.0748198634773312,4
-0.6911951074116499,2.2746897484203563,4
-0.3895915210742416,2.411945373424897,3
-2.9433650303819294,-1.0885593925483856,3
-0.3175773876175933,2.6812025253206193,3
-0.3934572546276053,2.3427006551802623,4
3.5779053836716472,-1.208284374459432,1
1.1366425619833669,2.363654932655189,1
-1.2212202313486469,-1.4059044849063158,4
-2.401162279764185,-0.9674261006932902,4
-0.32560990895696773,-0.9258874058875501,3
-1.3013863639643724,2.8080514998526587,1
-1.7176889610088713,-1.1575086791135936,4
0.33684185352240137,-1.5430191779576343,1
-1.0485866251527978,3.763565038072469,4
-1.5679428708558647,-1.2913496512806286,1
1.7473956188148223,-1.4331664414996426,1
-1.4989331676913438,-1.139526616871374,1
-1.8781849360470415,2.263647739025394,4
-1.9908222232655044,-1.3392046878610795,3
0.2744122718315367,-1.2718880230562244,2
-0.4951367185524715,2.288068610158464,1
5.955517100651699,-1.462369852166751,4
-3.4451706525080756,-1.0040657410236102,1
-3.0122003500192216,-0.9640062557172949,2
-0.41895156995759203,-1.6370036971329254,3
3.0718434967119705,-1.8921232694237464,3
-3.1396245997868264,-0.7047047422619632,1
2.5143730329649876,-1.5287329160095258,3
-0.9818685223777062,4.1491318365722325,1
4.9138434299846185,-1.373161616358939,4
0.1707022472882271,-1.3018473489065006,2
-0.8994957798442256,-1.5872788833087363,3
7.72941422526324,-1.9449477790723546,2
-1.9482714221072508,-1.1798741952182699,3
-0.358918428825575,-1.3801520805717054,4
-2.5002200868306486,-1.0343835734195943,3
-1.271412178859414,0.5342151052863523,2
1.8722929055862174,-1.5120461023353986,3
-1.7502142029724561,-1.1006848206937019,3
-1.4452403346248166,-1.3872294301193326,4
-2.6604194264843763,-0.9904946230296475,3
1.1556702556989051,-1.5476408405863251,2
-0.5569750281451932,-0.8277748530371983,1
-2.027395332399639,-1.0222923045683852,4
2.10497469894969,3.640281419442646,4
0.8581483023347315,2.247299827771232,4
2.0557776521059266,-1.8276114852626906,1
1.3635813063815723,-1.2380830652997727,4
0.856803196890653,-1.4325033180068718,3
0.8116763118274144,3.5037610318630463,2
-1.9100513003558826,0.41904326889783977,4
-1.4379791501498853,-1.039696133985898,3
-3.050777203900041,-1.1866075409017858,4
6.225603914024935,1.8506734332899075,3
-0.3684612199301665,-1.0621813248739804,2
-2.477740656898712,-1.2328990797322406,1
0.423653513074694,2.0288689873145227,1
-1.9651891757953253,-1.1830524714302442,1
2.7027674283258563,1.8930921420429185,4
-0.5844166373549718,2.4218557878889064,4
-1.502771742592345,-1.3162997698480536,4
2.5266869381603683,3.2287401386761077,4
1.3545915611437944,3.4679969337292604,1
-0.9952863089430805,-1.4767252292040576,3
2.7330975027742874,-1.8506871830980993,4
-0.5790731522370878,3.6729667314246233,3
-1.7150007524654776,0.42352926580331274,4
-1.4039124960940956,-1.516338106419347,4
-1.5420408835945585,-1.5539464740799693,4
-2.1071494933923387,-1.263348932563275,4
-1.476385795220555,0.28321146680012427,1
-1.1104453286575708,2.501484655738257,1
3.4740829392082135,-1.7934112926730874,3
-0.8645196137036355,-1.0975520342078768,2
-2.510231981030098,-1.0661060137854155,4
-0.8870332464649532,3.890063024765559,1
-1.4397335022846276,-1.2366385407336165,1
-2.0034365515624875,-1.1783445136916535,4
0.7346162828869294,2.293156152650755,2
-1.7112226602781448,3.557160274786425,2
-0.33646214425945775,-1.4831999850818818,4
-1.6456849816019699,-1.3006588210148455,4
-2.22114038852033,2.4168175997244083,3
2.2849297815018907,3.3238135637055533,4
2.157328539498006,-1.4033500567209845,2
-1.4430682959128713,2.08891373618101,4
4.494463789376253,-1.843918989649885,4
-0.23356516575116915,-0.9412017191484338,4
1.2570048389830646,3.368107555886726,4
0.489898543798635,2.355471676079406,2
6.423349219617197,-1.6046573701929554,1
-0.05327475676891689,0.1766494126286254,4
-1.6412116845264635,0.6654096019735313,2
-3.2684300506181874,-0.90338224988003,4
-1.911286987147668,-1.318851243837848,4
-0.6090525869951302,-1.356487792554211,1
-1.1883973887361483,2.538775296935041,4
-2.3971935429173024,-1.1055603796238476,4
-1.2970393147087844,-1.2603377181877398,2
-3.052907113343145,2.7016438094034205,3
-3.8538098437150445,-0.7074463244757855,4
1.550220178787641,-1.237156656617673,4
-1.755284092740899,2.2612402407009426,4
-1.9505143024798464,-0.7739695627527751,3
-1.3138637618030249,-1.0237031283399494,4
-2.119355114082636,-1.327833268611971,3
-1.9983556291557216,-1.4587574517848478,1
-3.0879708480812176,-0.9446402456732941,3
-2.759863194544215,-1.0708001311751327,2
-0.12090115504829799,2.310247511972692,3
-2.3349333910784997,-1.0169252445674841,1
1.2403230797226712,-0.9464014025846129,2
-0.5296739148777616,2.24185301293839,3
-0.06179143105328252,-1.2347563486476751,4
2.847489162904404,-1.743347039516737,2
-1.708550806325585,-1.5766810784887666,3
0.289978824335279,3.611060117228992,3
-1.9233459166250033,-1.0552435738805617,4
3.6267890728074654,-1.6265139235761616,1
-2.2719654114650685,-1.3083318803262205,2
-2.9141775674867443,3.945661926122241,2
0.10564981459214651,3.7185739468039087,2
-0.31106199096049925,2.449335194347307,1
1.7639657473923218,-1.6598199570295926,1
-0.013943276365854396,-1.6543691993497092,3
-3.627406512088004,3.047539284851625,2
-3.743385554231712,-0.46615728239922744,1
0.6689750322960083,-1.0970077884772416,4
-2.2126404423387873,-1.3076884291565258,2
0.5202555703498937,-1.376129327512483,1
1.831750536165715,2.4374186249850016,4
-1.1001507777397928,-0.5785429675801355,4
2.255633307085687,2.2717195488890893,3
-0.03790155635659961,-1.4040798304915614,2
-2.3772035871458668,2.513924122451407,4
-0.7741969591143351,2.3421866704257512,3
4.623474363818466,-1.5752729432795938,4
-2.388766817435263,-1.015878190763005,3
5.563659501722733,0.5497641989642351,3
1.0961216204133926,2.364692897720173,3
-0.573881504863145,2.721238789654242,4
1.6113228867911829,2.0964886759692054,4
1.0107475180604768,2.314441226240486,3
0.5842059076987597,2.5105266555804686,2
1.9325218072496815,-1.7042774360560802,3
0.6029945803781698,2.353634488197998,4
-2.9104238693390894,-0.9485462685137965,1
2.758455562794974,1.2688093966393241,3
-3.3126879023227653,-0.864687298482133,1
-2.4110794241204117,-1.0384437815007226,4
-1.3562699530483506,-1.4594268406707307,4
3.2495027049084864,-2.2563652083489036,4
-0.6863466391538214,-0.7205916105712475,2
5.112525458981281,-1.853595327326865,3
-1.9949069658312077,-1.045901180290313,2
0.03238750407350181,-1.3581061065685769,1
-0.04973464841906892,2.312189056116883,4
-2.3148885525124334,-0.7746736972603064,3
3.1154472796065282,-1.769760692612766,3
-2.4484931921902295,-1.3699309827851178,3
1.450190746322202,-1.6581693465337068,3
-1.287110705167185,-1.205492604647376,3
-2.3812369345587854,-1.0993328089011596,2
-1.2050543764740467,-1.1883611905293985,1
-3.752181182622792,-0.8162250533267078,4
2.497495905396992,-1.6149877656628802,3
2.1880711919874263,-1.1141384414199516,3
1.5593187520376104,-1.4808419694854493,1
-3.6642164533889146,-0.67203897297452,1
-2.793282020799688,-0.7301852415897102,2
-0.3863737542060879,-1.404561359093011,4
-2.558236996235521,-1.0562782877446832,1
-0.3303916208006455,-0.8227195328485961,3
3.1370769801565,-1.2716817698993637,3
-0.925145122003302,-1.2590023697660238,3
3.6785514179797603,-1.7265616301606186,4
-1.1551169669592798,-1.1536457719628768,4
-2.2193519509468524,-1.2754319772905882,4
2.7816951526008333,2.389734437093253,3
-1.9391147107036737,-1.2483900364873421,4
2.546601584534551,-1.5069058640832218,4
-1.3967643422234548,-0.7056984566876813,2
1.7016551275472227,-1.233020316514827,2
5.566120152369181,-1.9350142530692078,3
-0.36504992680804976,2.38070254753246,4
-1.3696178913968775,2.7844300173291514,1
7.429850550669007,2.1038910618060784,4
4.561516638797972,1.686508216848458,4
2.5384446142648907,2.0020014719671577,3
1.955158428743398,-1.3572554363641869,1
2.263638544210152,-1.5385981628710614,1
-2.398652382689053,2.3705555441911312,4
3.390910869099092,0.9226952586871087,4
-0.19414342030604637,-1.378623669588536,3
1.3886797808946185,3.444804370408392,4
2.304130846780332,0.9379451357823586,4
-1.319204423985465,0.4158241590974775,2
4.011968737084289,3.2355344751928796,2
-2.122485216258445,-0.9612054047309379,3
-2.4975808115814924,-0.859336842247191,1
-2.3805799955670683,2.3058193001359957,3
-3.049016708179257,2.1287953985636383,2
-1.767962215716265,-1.2401035917539767,3
4.448245588655781,-1.9652127653300602,3
-1.2716747977228942,-0.6642322520883099,2
1.3558497197662251,3.5055125830502782,1
-2.228210267984943,-1.1432552623847112,3
3.1677627107000044,-1.8658299702138157,4
2.0513834328035254,2.114826220422028,3
-0.49958374201672456,-1.5833891772286002,3
2.088913498688578,-1.4705911498707633,4
4.0528116850336735,-1.3582560148189828,1
0.41483986347211615,2.2274296673158065,4
-2.9450687245178457,4.171694693473178,4
-3.6450051060310864,-0.5639142507041686,1
1.647193113660088,-1.8908067787417395,1
-0.17599702513806104,-1.3416285674860997,3
0.15338793013799343,-0.3962270188043847,1
-1.8704407996213868,-1.222673410179953,1
-0.6536934235373171,-1.28685171721892,1
-0.5066215470967576,-1.229226762604535,3
2.204102669052432,-1.1536907322699734,3
2.0649210375530984,-1.1134180783318102,4
-2.0012637793157064,-1.131984532474299,3
1.074355018968424,-1.6394493659653413,2
-0.673017335005811,-1.0917693393195695,3
2.3147297250949994,-0.048817242820597156,1
-0.4567692728405695,-0.7937161349549255,4
0.7659629002563914,2.5395149703264157,1
-0.10925076057811565,-1.1754638520933476,3
-2.3028562417947662,-1.1283027650410185,3
-1.0652089846051958,-0.706721074382503,4
-0.7720504920493795,2.4847840365944602,4
-1.3313896119952975,-0.8538564074270667,4
-3.2663061108276032,-1.038894695484754,3
-2.6039333691285043,-1.0037667699969652,2
5.201786923004499,-1.568912197871264,1
-3.313805872755325,-0.8055797259828575,2
-1.4511407465124322,2.7978918752895168,3
-0.945343450667145,2.485076750883237,2
-2.318099115615691,-1.1995387833928963,4
2.8620422701843866,-1.4634841105930845,4
2.572991625541434,2.0648828428902317,3
1.3460225257378136,-1.103868841194042,2
1.5006499543763028,3.5849486519545404,3
-0.9735342133337754,-1.4660089616260341,4
0.6848589123626317,-1.5899497311463036,2
4.861246186567564,2.091230689523043,3
-0.3675187086072638,3.7487055584673525,2
1.3448321845330107,-1.500429308936042,1
3.0498086419190056,-1.0003104896053168,4
4.5324805493607165,-1.6570833411612933,3
-2.9786524956489435,-0.6516450528968258,2
-0.904542642328915,-1.310441803732056,2
1.1161638650673935,-1.4848905972198967,4
-2.065913926200233,2.37244257477732,4
-2.080055233061298,-1.2764537215550307,2
-0.6695020332671208,3.768748713774139,4
2.8912077124552655,2.1199900667697382,2
-1.562185333591746,-1.1399919610112665,3
-1.657379494099194,-1.2271092606028093,2
-1.5613390071727886,-1.1535716407122434,4
-0.29783365525770455,-1.4185896389834989,4
-0.7370678314426344,0.5281690543165066,3
-2.573924703445499,-0.9878395711113267,3
-4.006438694037462,-0.6418129606587869,3
-0.6653239759952065,4.170991100365507,1
-2.018340589595871,-1.0679631576321391,4
-2.5905853379495816,-0.9595890658682316,3
-0.47354211947403035,-0.9204452725187823,4
-2.1027721524847682,-1.1163991545828698,3
-0.3296918730204033,2.166475023831098,3
-1.4617608908543995,0.49869903545824307,3
1.2505219372265788,2.436716541367898,1
3.5248241610769506,-1.8431056739029386,3
4.454692173536473,2.226058152405142,1
0.39630384658699813,3.69993053056552,1
-1.0748336471479656,-1.423777607133154,3
-2.1885481636122286,-1.3438685231749745,2
-3.2127136823390807,-0.7807713663197452,4
-0.9329359273291333,-1.5887452576301477,4
0.28732763257296096,3.620501945803597,3
-1.3432174663133167,-1.391734003475493,4
1.362798018080279,-1.399531007562594,2
0.8420931529421098,-1.1283032502000137,1
-2.1378628403461986,-0.9524707319053002,4
-0.36116988241761055,3.94545987322254,3
-2.7053841145000774,2.3499071898156028,1
4.097411650102498,-1.2217049230311512,1
-0.6996882157995309,-1.38065225284941,4
-3.4693482424559616,-1.067110125047952,1
-1.4773298537169846,-1.492995359574488,3
1.6123460367783742,-1.5829567314046356,4
-2.8976068451876635,-0.8850107663527524,3
-1.9315337181493177,-0.8846456155014687,3
4.576432228643071,-1.5129456658201417,3
-1.9606594772452441,-1.1350993718800855,4
-3.4205200150916713,-0.6280187329541582,4
7.362494716232981,1.5459858947658534,1
-2.5598128782930503,-0.9746379301099948,3
-1.2310670757723683,0.5811984155323003,3
-2.82124772841407,-1.0603504539248052,1
-0.45602941671610986,2.2534306454271262,1
-0.9646816455341691,2.28652028045567,2
3.239806436120716,-1.5658191592756188,1
-1.2921920586631273,-1.3287320065208088,1
3.0601063518168385,-1.6965873400946594,2
1.2951203429785223,2.0880496994848365,1
-3.393748028200449,-0.8642853133236982,2
0.02786851872042182,2.2711557139595886,3
-0.8783977048893666,-1.2221849239068026,3
0.41460235978616294,-1.4511790817965355,3
2.930393027915397,-1.7902285769990376,4
-2.5170210673471987,3.786249428568535,4
0.17350703226797018,-1.2907061853328363,4
-0.27146230622747913,0.17035649023809923,1
1.8535172320616704,3.3432869997261516,4
-2.2874951131070183,-1.125090052340401,2
-0.6100906556119938,-1.235875111543507,3
1.6925980290087979,-1.4416513195450673,1
0.5212199372534777,-1.513747141600789,4
-0.1796241824145815,2.594747732991559,2
-1.1575818785913354,2.6393099372716105,4
-0.09917395390619362,-1.708889611005689,2
1.0780606975340359,-1.3762036991506896,1
2.3183588830781954,3.4284929699863684,4
-0.4362289944731911,-1.3815857008144625,1
2.1110285437075524,-1.8598678796826047,3
-0.11380807316578163,-1.4801012319989029,4
-3.7332820230546817,-0.7312589623547904,2
-2.197753186252752,-1.158319904600977,4
4.715751825883923,-1.9655773323345878,4
-0.8767357991609022,-0.9064284338093066,1
0.33700304569291206,-0.9003589631682631,1
0.4994486900222638,2.2620194689397533,4
3.973125462341887,-1.7087654451962813,4
2.6491264115650908,-1.1651681022249296,3
-0.313219219779977,-1.2656689872709426,2
-2.38442694628239,-1.1109380891546778,2
-2.136123096845315,-1.1925066302127951,3
-1.326105813028227,-0.7257397315070085,4
2.311450678127585,-1.438777762345869,4
2.163524240095156,-1.5326188799274982,4
-2.7646256121679516,-1.0259302011313651,3
6.079016871255741,1.9266610397201775,2
1.5491763403302707,3.5399227186076536,3
-3.224551022853609,-0.7603796798349786,4
-3.1225619681062002,-1.2210279126227048,3
-3.625033562426045,2.951386474067737,4
-1.9087494611685996,-1.2851423163514757,4
5.587697157913433,2.408064739558537,2
5.138958991269205,-1.5477086545670997,2
-3.1888244881535828,-0.7699207338942118,3
4.697058776404637,2.182959450748663,2
-0.9600213368234848,3.9660509356185725,1
7.224822954626705,0.2956018875996109,2
2.508785923827319,-1.8055164819270322,4
0.867388093302223,-1.426905433953462,2
-2.556442091227173,-1.0501447128972992,3
6.740465117981993,-1.7474449239706222,1
0.6899228502846644,0.31015975452820693,2
-2.0863871289422784,-1.16009909511903,3
-1.174021622007361,-1.4470716280407123,2
4.94062787070248,3.28144662204438,4
2.486976862621705,-1.5629405364522635,2
0.73388648970984,-0.761969550788769,4
-2.271147131256089,-0.9703804146689411,4
-0.8813667120078651,-1.2955771184815605,3
-0.3191874503534489,-1.3535578401480406,3
-0.713391440349107,-0.8922455146013594,3
-2.593744086757794,-0.9533497605763728,1
-2.7419597096582335,-1.1069526771359606,2
0.8018931966484792,2.1498540887247573,4
2.10535905622051,-1.1305032346300674,2
5.020867560486464,-1.4163448476246179,2
-1.442652870746462,-1.2600582652638026,3
-1.2110822823386913,-1.079094244807449,3
-2.2037483820296027,-0.898189994613283,1
-0.32169455275545306,-1.026722992706594,4
0.7580444480789204,-0.7561833220479247,3
0.016594186491825497,0.31512476913899556,1
0.29004680014626416,-1.2632360373656126,4
2.679580822634895,-1.5608760429899011,1
0.132014714736926,4.124460886515999,2
1.7338049905822193,2.270101017462463,2
1.5237739419675695,-1.2154143521235348,1
-0.033595023446076365,-1.1213267098632398,3
1.8710095550792392,2.1894998805303527,3
2.0735241230403134,2.190100591566643,2
-2.541572643129437,2.8138025358554724,2
-1.7427440728474493,-0.9650833861338705,1
4.3986401887416395,-1.3237893436481052,3
6.212024193823105,-1.5961765125702618,3
5.202699625516554,-0.37447122452908027,2
-1.9433348316527792,-1.311169310595171,3
0.6784490613177568,-0.9988919230885718,4
0.3997877312569442,-1.3322847953808747,4
0.5050016808119778,3.5640052136946583,1
-1.0671414133894415,-1.0727672934496537,3
5.787601160575762,-0.49516672847932997,2
0.804367277171632,2.230197233656555,1
1.1614944813070067,2.362326326365582,1
-2.1389532404573424,-1.335050989361574,4
3.383520505840178,-1.7316090901051069,1
-1.6478113537781764,-1.4290950171677808,2
2.3749645506898105,3.277905742645405,1
1.335774855723888,-1.3911489532396353,4
-2.384273629424281,2.131015842732616,4
1.7017505617864226,-1.433363271571825,2
-3.592601306778376,-0.7566090709515306,4
-0.633658244900538,-1.327003674532896,4
-1.3135512326651495,2.496904527685223,4
3.8030645445456583,3.415927206977746,3
6.007587806599245,-2.0766676342473436,2
-2.2788157497123995,-1.1474075500539322,3
2.0489791343109434,-1.5826417257935401,3
0.42713337594664014,-1.4704493125716245,3
-2.9569397903111714,2.78632444280794,4
-0.5894536822757734,3.9668301839812496,3
-1.9405265236743774,-1.2434547007875807,3
1.5180205186684856,-0.7513227520104537,4
-0.582814492398075,2.5400164346326592,1
0.20581432398708505,-1.2724645635662029,3
0.25001950472730705,2.40890918428438,4
1.2901778682314282,3.6057419745460693,2
-0.6167304641936087,-1.354968173542217,4
-1.4097717905663842,-1.3886937543854547,3
-0.05237859245658792,2.411233028194027,4
-0.8415177251837174,3.7230479187512437,2
0.5946242247899336,-1.1599524738648455,3
-1.0048123010835504,2.426003613278848,3
1.7687901475087608,-1.6084293945299566,3
0.9123731069658464,-1.5579847216791693,3
-0.05701315904424821,3.838586030154172,4
-1.3536854088787618,-0.805299920704807,3
-2.501433768469709,-1.0277154598828646,4
4.3853098769968275,-0.05195915392930008,1
-0.6275264722996019,-1.4794931359781567,1
-2.0141557233077614,-1.1952920503318096,3
-0.39507819249314563,-1.0528581051927166,4
-2.2437257483590773,-1.050698453267935,4
-1.4181357279350162,-1.0918169899958021,1
0.49916294967488567,0.495470278938701,1
-0.8926297152433041,-1.1465580301694147,1
0.19843379421477933,-0.37050248026551813,4
5.359561230186402,-2.149772222809491,4
4.807962261888594,-2.176478269224372,1
3.2785949140591124,-1.8685773005947834,4
0.3067682815027108,3.723579416778137,2
-3.229669008369212,2.9510851803101343,3
-0.4347819923554566,3.665720328569159,1
1.05651490031814,-1.059914675458425,2
-1.5722389891655382,-1.2688683490527415,1
-3.362935207586068,-0.4620050629024244,2
-2.284030943608886,-1.0725335830274205,1
-0.3169327062540863,-1.1815812645586674,4
-0.05460756275461328,3.649650739319261,1
-0.572629845730968,-1.404015580233727,4
-2.1791746582845715,2.6537919391791323,1
-1.8008623666562378,-1.1373805456990187,3
-1.60528462156663,-1.4692261527429187,1
5.54195337899571,-2.0015557704660574,3
-0.8401259672309398,2.362866422340736,3
0.16120279298151916,3.6090145545510257,4
-1.6005818360703907,-1.3080122576635516,2
-1.6652821239738236,-1.3810434256571782,3
-0.11380660435717146,-1.2612493861751908,3
2.2994664597816876,2.1858128925557536,4
2.29367595653813,3.6829652182210904,4
-2.5670884707622053,-0.8238110156559361,1
0.7197057689619262,-1.0248860055068678,2
1.7090477257593018,-1.1545702525551034,1
-1.924391588625705,0.27249430545549125,2
-2.1859047292826888,-1.021964779709818,4
0.16687886348964276,-1.2013748825429609,4
0.4183471643955556,3.4735873246145665,1
-2.088796237162671,0.9035235407308813,3
2.5734255380183484,-1.6164261909115465,2
-0.522489306224713,2.3978993284312615,1
-1.76613059141712,-1.1349010924982812,3
4.738820596114718,-2.019392017285574,2
0.1481065094970984,-0.969279810298098,3
-1.8648007748961064,-1.3001832819331074,3
-1.712314776166865,-1.213786122329217,2
-0.7122845270593421,2.3686354660581266,1
1.4779698482433665,2.2146235542356596,1
-0.9122214377784983,2.20833423298222,3
0.1205488768973533,-1.3536284098349096,4
-0.2739168808147104,3.654048432005891,3
-3.1291031538151928,-0.970227164820039,3
0.9577714572361927,-1.8978767243394838,3
2.2739358836235515,-1.26579764624761,2
3.7198798579823276,-1.854525495087144,1
-2.345646294256279,2.7067210582430126,3
-1.3715316452301036,2.99930063732389,2
1.8374526824214041,2.3723400209242445,2
-2.6762690488916077,2.3460617179436007,3
-3.494370180919534,-0.6845825132133957,1
-2.9000600159723064,2.44472264626415,2
0.10133988102606233,-1.481165217623355,3
0.47496895367110803,2.3329661146551297,3
-1.7150830720531252,0.40095670196202426,3
-0.648309547118943,-0.849774526493278,3
-1.380465492682593,-1.2741968261136518,2
0.2209698694911839,2.1345175935903296,3
-3.184337970837462,-0.8235790391063497,1
-3.1007319967281988,-1.1250570802685558,3
-1.124921681554464,2.669461182115212,1
-0.8415765397974533,-1.559706980623732,1
-2.340059885441359,-1.1340503361010799,2
-0.08057382369789035,-1.344473106245951,2
-1.3581627088644839,-0.6046427217160374,3
0.3718346004260411,-0.9771038727439819,4
4.82411777893963,-1.6470894273961256,4
-1.37328128440212,-0.9198902283325404,1
5.900128199895681,-1.8711165751215673,1
-0.3701879720359275,-1.193648417865262,2
4.671790066007258,0.8387831065773395,2
0.699378199167859,-0.9471832217934173,2
-2.313166546434624,-0.8901757626702557,3
-1.801920119555083,-1.0590732314849411,1
1.7184559840170492,2.3717497888509707,3
-1.4239186797260002,-0.9598872543390936,3
5.934071628403346,-1.8411205701461946,4
-0.0027299071871019786,1.9591906558473968,3
-2.103592630575549,-1.2750672573323718,2
0.13300005346530538,-1.4559337987726935,4
0.13203457765165907,-0.7581481245815693,1
-1.2181745563661832,-0.9911303913439021,2
-1.3781840947067037,-1.4021628161711956,4
3.5907240910154328,-1.3804397463137121,4
0.4283899531359539,2.3099968492708975,1
1.37477975010665,-1.3849497582193908,3
4.31489205803115,-0.41364948929105005,4
-3.095404874314935,-0.8073125401235598,1
-1.0825161325693182,-0.8401435298696102,4
1.6428594322690746,-0.8889136699602583,2
-1.293801114995807,2.110444318851232,3
-0.6561563059995773,-1.277863949309302,2
-1.9238938259639013,2.1133676709579676,4
2.1175282066896313,2.0017811341370653,3
-2.586162092805827,-1.306339550636265,3
-0.42453374162967594,2.322609607526243,1
1.160158093142573,2.513289833020456,1
-0.473323626154723,0.5786389587403865,3
-2.559373740656492,-1.1218033891989145,1
0.22504362334613534,2.5691519640112364,2
-3.0249424138948595,-0.6743359451839368,1
4.066915945790423,-1.4992282937838035,4
-0.7470298792911937,-1.2015275415679405,2
-1.0056960294139294,-1.2207662942633153,1
-0.13611452453699388,-1.5129783384483275,1
-2.9259963343445166,-1.0665426908932079,4
7.681777838507113,1.6553814776973663,4
-1.1198749947174413,-1.4182299598837202,4
-3.0444484306731283,-1.0982928676476102,4
1.7015696088405523,2.164619041843856,2
-0.731705510059637,2.6608946597713388,2
-0.6327613355448118,2.5067941426611724,3
-1.0151592570678867,-1.3310256543201209,1
-0.7333838564212624,-0.7363678446015468,3
1.6506337807881273,2.0365770186578307,3
-0.7678025462356661,-0.7523493660030546,4
3.421216058955671,2.2764402841308056,3
-2.4212588493032046,-1.048887223505221,3
-1.2177431676680404,-1.2011351244932569,1
2.3748395827105435,-1.216633698625763,4
0.5179113110310894,-1.490399021525131,3
0.05795127617497569,-0.7561578408564388,3
-0.31849961508876784,2.3828968870178455,1
-1.26001394206058,-1.2253295669149429,2
-2.709268901913713,-1.1709366723121715,4
4.639067537234953,0.7000649416247182,1
-3.053721694461851,-0.8790988875941694,2
-2.455924703707587,-0.9388737377699735,3
5.59801208708259,-1.5708822005256708,3
-1.89270581158957,-1.1920966260606731,4
4.814656113383481,-1.8943787942066093,4
-1.9007558666361641,-1.2334155709037151,2
-0.050332611270214066,-1.2028317691476558,1
1.1886715715169929,3.63623453931882,1
-0.6228223023759203,2.524589940871301,1
-0.6637814522494212,-1.2736751981769059,3
0.26472098421628204,-1.2727385275616443,4
-0.36525988116988595,-1.4027535360237875,1
1.1111510522035686,-1.6265794597275502,1
-1.2053197779076745,-1.1454550508609174,1
1.6411525079081162,-1.4975593972564651,1
-1.3243321543389377,-1.2488155576368578,1
-2.8418321401809785,-1.088062180952401,4
-3.7986803821630395,2.9562238612756992,4
3.6313342792661203,-0.1619385203338559,3
-0.20970189882686477,-1.4144968548267884,3
4.346823313415638,-1.7246199315738602,3
1.3919797012017836,-0.9664942352235182,3
-0.5472044917429253,-1.409700004634929,3
-0.020480669249936845,-1.3906680309737303,3
0.890984257865413,-1.5058004442890263,4
0.10014393494501998,-1.3322326653342769,3
1.9823469169433439,2.2288317719908717,1
-0.3815917000921266,-1.5489103436653335,2
0.4942724432770611,-1.343312287554102,4
0.38781555097161263,0.5225697052419648,4
2.564608104342286,-1.394235740214601,4
-0.8742820733945081,2.5687863796887416,4
-2.3357259486186233,-0.7562797605415894,4
-2.0852932480295596,-1.2929285944476867,3
-2.453452953688836,-1.1830271873195548,4
-2.2009240776292542,-0.9842425293427868,1
-0.4652573341392402,2.439506898339952,3
-0.13921855886716974,-0.7744012947083719,1
-0.5229776420846299,-1.3375987146885413,3
-0.6498188087774341,-1.5446598273718655,2
2.771883750339068,-1.5875072444402454,2
3.958999931370494,-1.8053378293747713,1
-2.6043498326379226,2.4164698069011123,3
0.7623638746015541,-1.441339617073992,2
-1.5733799375034485,-1.0846219560568777,2
4.037290507832031,-1.3497325544361627,3
-1.0196954373161113,-1.17735712373264,3
-0.2916721124654597,-1.160229224648179,1
5.157432502836334,-1.7400654971740521,3
4.110566577017453,-1.923983989585676,3
0.8006080643080856,2.493720266639597,4
1.285027278693182,-1.6606258745617588,4
-0.14301176953431632,2.308705283972238,2
-0.44071036842620714,2.2866603030421655,4
-0.4616067695359375,-1.4701539204422922,2
-0.21135626285111292,2.436870719616751,4
-1.017225477235475,-1.4860176381454269,1
-1.9135947762289225,-1.2160896597487905,2
3.3160503982415164,0.8181185996531991,2
2.7959837684442155,-1.1027800903260625,3
0.13256974064682236,2.338113418832546,3
-2.9196431954625877,2.5772646991393433,1
-0.33732160238812703,2.3040501465363383,4
-0.7111037121723605,-0.9275149771449236,3
-1.2097783830466073,0.30513207324625896,4
-2.675193008563674,-0.7875452247558068,3
-2.2354213576651785,-1.4554789382538567,3
0.4178774474837259,-1.0818527952973724,4
0.5023856834451285,2.0478402885971754,3
-3.3623486029005445,-0.6780811209961988,2
-1.1758378355477352,-1.3767811260743787,4
-1.2174906050089382,-1.2017960082127406,2
1.277081726554722,-1.5423003078959998,4
0.5828245341904361,-1.1670415078698502,4
0.6689900817967707,-1.6485903297952518,2
0.01594534685837627,2.2768452881505787,4
0.17427852490298074,-1.2519275954885185,4
-2.790624816962636,2.5111095829911543,4
1.3919039447786652,-1.0912787687548138,4
-1.6305630077601816,-0.9957305665131493,4
1.9009906634698657,1.9610229402781516,4
-1.8534411039116059,-1.3037405638677697,3
2.1142140134443768,3.587207942856811,3
-1.4346868122017664,-1.391463876655714,3
0.882087497663586,2.011361434787379,4
4.069092865169055,-1.6904405230456567,3
-3.1849583161702055,1.1736077163458076,3
4.6251708812735,1.9934104919609574,3
-2.287655057898045,-1.0798531562201226,3
4.073826843224269,-1.4282069625571236,2
-1.5754443372764504,-1.2496978842499578,3
-1.749764431478751,-1.1034948976907797,3
-0.6021874587351422,0.5247101461869781,2
-0.6573492651419045,-1.2870884868174124,1
-2.1415102706331695,-1.1496627071834964,1
1.1012324657103225,-1.023185334759786,2
0.7475899782711007,-1.468867139685414,3
-1.3969206642501109,-1.2955342150315345,4
-0.6032915558578205,3.5489747100512767,2
1.3655333193753112,2.1189813747151627,4
0.009899917702445072,3.838147819047416,1
-1.5062348812162758,2.8556264158196307,2
-2.7621639737391646,-1.0778085625492777,2
-0.9763069071097829,-1.1247798599457066,4
0.5296673552242339,-1.4365670750507273,4
0.21603115086571736,2.3228234733031243,3
5.705142888275571,0.7394153291649391,2
0.10585036635073564,0.24063921456658005,3
-0.9588631130983446,-1.0178259264312888,1
-2.282068609209989,0.528862883309037,4
-2.0535511906999817,0.9097278928949579,4
-0.5415461369547947,2.5492900846275193,3
-2.035801046969919,-1.152479627809423,4
-2.4184242457316234,4.170262742891802,2
-1.1798818175883534,-0.6132859370167005,3
1.0297636053278605,3.636435503372255,1
-1.9292153581007114,-1.3365844777678555,4
0.9389602102213701,3.4813654235520053,2
0.014227740762918533,3.74880169369811,4
-0.9628113832525946,2.701697306345757,1
-1.5334481103641218,-1.3431967028294614,2
-0.43032016496925846,3.9915509082723317,3
-3.019295374157541,-0.8490359808771615,1
-0.47232021409431274,-0.8731571009834505,3
-1.100447095502858,-1.0414975712526175,2
-0.8665751136738724,-0.8246437712055035,4
-2.5072266735488395,-0.8007475292809065,3
-1.394826840918344,-1.6754439525454465,2
3.3801849870377505,-1.886996296600363,1
-0.2866107602562311,-1.3904556249325064,2
-1.6017834644200775,-1.3864600616930143,1
1.4628824772462066,2.147198761797889,3
1.990089132691779,-1.8504370197380027,3
-0.3087284219630256,0.39253845414765426,4
-0.7796230702714474,2.6486530347697523,4
-3.34951823622254,4.185513744755985,2
-1.531697792423941,-1.1167046738437543,3
-3.5144059292628396,-0.7898745702929615,1
1.5252589598274968,3.6456363375423995,4
1.7608076114972884,-0.8724247686603505,3
-0.4594827584008722,3.753884343135931,2
2.964664228322204,-1.7376293928673752,4
1.8439445763339892,-1.1622741973041066,1
-1.8478803241393595,-1.1777267731783965,2
0.051113857689469196,0.19809293941603182,2
0.677572356619409,2.611740106210698,4
0.2212428994365034,-1.6285635378514167,1
-2.036753692577666,-1.102133291655696,4
0.760903673687646,-1.654600608728086,3
-0.31968310205983236,2.4515389985736804,2
-1.6110674503855438,-1.3344197347837299,1
-1.107867936594475,-1.1188661923613095,1
0.3750825378437126,-1.4949752663911713,4
0.49566865707638624,0.24051311484407506,2
-0.9695244102357452,-1.1240868355309965,1
-0.45510836859586945,-1.1795056875367056,1
-0.7737033839485772,2.4421348106203546,4
-1.9253554218828797,-1.1232769297291878,3
-0.7929367216936278,-0.8489432973269803,2
4.307252011836932,3.288094683055343,3
0.22266547008843454,-1.3116723529033536,3
-2.1195541626443304,0.7472497716308318,2
0.9649229893518633,-1.0497794380235106,2
-0.28925120329609566,-0.9445562401784273,4
1.0830879240345368,2.1238221871376135,3
6.975173622771506,0.10987570223483835,2
-1.61805549616591,-1.1038402702954109,3
4.71048268982427,-1.8939668260843603,2
0.7057086762227293,-0.9239944570896008,1
0.35374890172547635,-1.6582489365600817,4
0.47278540975026906,3.7257836173415932,1
-2.2014328002866903,-1.4343943028990016,1
-0.16172516433961934,3.267740994553629,4
-1.087574832536197,2.5725877913940054,4
2.6056290129374644,-1.545361254478589,3
-3.668746643763203,-0.9786744132167305,3
-2.6342115854082597,1.0082986839536792,1
-2.347287543352817,0.9823369097813643,1
1.3966332146305964,2.026264242445625,3
-1.2191447031787284,-1.3901846220284713,2
1.1211649346291523,2.0723817619530305,4
-2.398599839388104,-0.9847221325940709,4
-0.273914640915983,-1.3155893146435078,4
-1.329702257913487,3.9493127401895927,4
-1.060585668523804,-1.4381858819430426,3
-1.8161191986086866,-1.0575881721404434,3
1.5742674109669426,-1.607797967912026,4
-2.111946494346881,0.5644643905660155,4
-0.5538722813564988,-0.8807478576316499,3
-2.306899616848223,-1.1198117828159049,3
-0.4951952465477974,4.062534224601341,2
4.454501053915824,1.9998449613087916,1
0.04828554605667471,1.951121176353319,3
-2.7096520968187425,0.5662470029970711,2
5.988614359171731,-1.505029494704999,3
6.421540670663919,-2.0174033151799695,2
-3.5942059698723536,-0.7917097420521374,4
1.4644599893769121,2.1080464647554717,2
-0.854934673623602,-1.2984479512285612,1
-1.207337000188975,-1.3046243075702868,4
-0.4648527492336625,-1.522417183512232,4
-2.659243283216884,2.2571466777241227,2
-3.3646512632363286,2.6473251964077718,4
-3.8345334491762455,-0.7697076758143058,2
0.9572696899081442,2.4811741855099245,3
-0.7057089355478482,-1.151114319428764,3
0.3196001543968826,2.310284230186273,4
-2.1451126925705477,-1.055742350943386,1
-0.5664879483858101,-1.6639073217247948,1
-1.2295360553024177,-0.9511590549290535,2
1.053191326042373,-1.4550006539915985,4
-0.8351509321524618,0.40214229132525176,4
5.5285011825112775,-1.4101944177356436,1
-2.898756012219191,-0.9896192616919698,3
0.027790812564649485,2.367071432758408,3
5.540393193651077,-1.4561666635746333,4
-0.6515365557759775,-0.8707776239562655,1
-2.3288345300490603,-0.8794995409620625,1
-2.141496209185278,-0.913818662761383,4
-0.01098111566809897,3.55164199039511,2
0.5924799351783071,3.406883306551477,2
3.229053366391894,-1.847874246177397,1
-0.34918011410837974,2.3577527023996767,4
-0.49653269790333837,2.322388094705391,4
-1.9175319691231951,-1.305299338750984,3
-0.8101841338086191,-1.2689143581632514,4
-0.59442159560381,-0.8415529378189244,3
0.49377264330002124,3.7272170990356375,3
0.16222301530917027,2.4643546616435583,4
-3.496697662785136,2.942796315253413,1
-0.1003559040892915,2.3933151743650827,3
-2.0242427524236537,-1.051817091262444,2
1.3748238795333254,-1.3508853934280192,4
-0.9225682240591216,4.134811316855845,3
0.6085347229210507,-1.429406903381907,2
-0.16031802889334507,3.6138418714784954,1
0.5112517427084904,-1.723647687200838,1
0.961526773224603,-1.5652131992080909,2
3.135433446861885,0.8834855186129672,4
-2.5970637018166403,-0.712643087334154,3
-1.4642612051835477,-1.3234925337265442,4
3.624274999281866,-1.7052097480443489,4
-0.4304490248660004,3.7233268857893136,4
-2.928382835149424,1.2278361756742853,2
-0.3121814834211115,2.2149493267896356,1
-2.2163440225659765,-1.166821007103425,3
-2.0840118976550097,-1.158760770118507,1
-1.795135973750643,-1.3378514542123165,2
1.3411562797634797,3.4694191171017326,4
0.6568160826068928,2.1617887013365564,3
-1.000308262475801,-1.2393074189648932,1
-1.16103467446862,-0.6971659974695342,1
-0.7789694483001353,-0.8524624611800243,4
0.3025893830946224,-1.4517939126971728,1
-2.57044692467575,-0.7412922016957961,4
-1.778404761753929,2.2390982357856846,1
1.0105630329282478,2.320578698928221,4
-0.09837767110456921,3.822873274321019,4
-1.1895162739025105,-1.3443029844855237,4
0.5301184546041652,4.0416704856035865,4
0.6382629008115552,2.531745934498784,1
-0.5602641261180326,-1.3551801752236916,3
0.22956297056060432,-1.1180261737917556,3
1.3397321321974358,-0.9872847042054487,3
-1.4462638424446614,0.4747451100161002,2
5.339262745246865,-0.24541423827587747,2
-3.0409643576984857,-1.0466645019507361,4
4.306794905274642,3.4679081469146795,1
1.118052165546598,-1.3708698404145296,3
2.3279606449441084,-1.696317716013632,3
-0.17961986521089518,-1.3871277440890777,1
-1.717130700087789,-0.5262153028480725,3
-2.4677608057140348,-0.8481265602585919,4
0.7122807589253202,-1.1354616749691722,3
2.028038752089735,3.3935435379148697,2
-2.0922643674246295,0.7455075864903843,2
-0.4805573969614675,-1.4961543618822286,2
-2.463377440487067,-1.2265799523633325,3
3.8048864465986596,-1.516939655868569,3
-2.8384015200343526,-1.1857855839831717,3
2.245570637641268,1.982204386176093,2
-2.1441549264203226,2.2720276438035794,3
0.6416949319070155,-1.2907279426030582,3
-0.873932250701122,-1.352518692002535,1
-1.4527104240137625,-1.5034255314094276,4
3.1832139940507074,-1.9838323617280877,2
-1.7575014780954095,-1.288494953746733,3
-2.657968344983104,-0.8880579989989155,3
-0.28073718668916775,-1.3473135655797746,3
0.18623684763172327,-0.8577862714504869,4
-1.8264530000913015,-0.8812861497395389,2
-2.039852838154818,-1.365857580476531,4
-1.9548468187502428,2.3101749807856655,2
-0.0977657872258898,-1.295632134498228,4
4.07374467418226,-1.7476836299410323,3
2.719866484780537,3.3982765258026952,4
3.4799545103378824,-1.824042715732814,4
-0.9748834104620681,2.3569292440488376,3
-0.18958179492911817,2.0292081821114167,4
-1.7507313135637192,-1.2423945537658707,4
-2.8467581504816364,2.5304873197481252,1
2.633181371767497,-0.9992222384263559,4
-3.0376791096204014,3.9710342265570966,1
1.2100696733808518,2.1759535541176596,4
-0.35903786225142625,-1.4171233254240803,2
1.7728829017155192,-1.3536192335753126,3
-1.9824851280766789,-1.0232962445888403,4
5.624875689313996,-1.4268404611821421,3
0.7420430785124769,-1.4127253352388818,3
3.258697100932253,-1.6923000560284598,2
0.8667846489997978,3.4455448456387323,3
2.8037244169844913,3.2100750468739707,4
0.48639281400198264,2.325226953296977,2
-2.440053933903378,-0.8985744126283864,1
0.06698951612645729,0.5365208517009095,4
0.9890191675602905,2.2792482164291457,4
0.07792682479482556,2.4471145847842077,3
-0.06819712403096413,3.6763323589683883,4
-0.3157108848433994,2.4425981328471242,3
-1.856211708323363,-1.1280803136531106,3
-0.4195697734862551,-0.7479718654809441,3
-0.8718687653850866,-1.5530618854870344,3
-1.8295988461632933,-1.0352009469930026,4
-1.4191836750557347,-1.1137800810451355,2
-1.9422074311640027,-1.1454028473128248,1
1.0201367066292542,3.851004601382713,1
3.915696301457977,3.354516168836689,4
0.04410550853661293,-1.303598364276278,1
-2.518640887970841,2.543953526959948,3
-1.0005998741348774,-1.4164132374406617,4
0.8611334590165998,-1.0334160171521642,1
-0.9621876395099672,-1.340962784197321,2
1.2635040034874494,1.9982650785133451,2
-1.3578611845485293,-1.184882803680143,3
