PC1,PC2,JobSatisfaction
-0.3209204138780879,1.4242415682365994,4
0.5761073939270852,-0.9202125107173836,2
-2.495062376844787,1.1713387395437058,3
-0.8767374536263508,-0.6092043666885552,3
-1.9000553176170374,0.6701603723527546,2
-0.6627348977563845,-1.7763888493328996,4
-1.3164406615988598,2.1188009761917224,1
-2.9817419797649416,-0.3768716874763198,3
1.0920935901641602,-1.1635598095328241,3
1.206798254725777,-0.10045612668505506,3
-1.5376375975112935,-0.7352658499530814,2
-0.2894490492978405,-1.692851324329252,3
-1.5993986248996646,-1.1510896893325706,3
-2.147006040870919,-0.5303727455680289,4
-2.0092294981206376,-0.25901843525126533,3
1.9434977430422797,-1.3861005509065285,1
-1.523568840077054,-0.9388561027169856,2
-3.113670361436773,-0.3660791346158538,4
4.875942122240985,0.8238200644164451,4
-1.5703368832577824,0.5044759564248924,4
-1.6738970838541938,-0.8850764403363208,3
-1.210652164271132,0.836053576150103,1
1.927820008584025,-0.9687698089578851,2
-3.4422444873084235,-0.676630490444507,4
-1.7586348745255902,-0.37422402618201506,1
5.164847482270483,1.176029796641567,3
-0.5414502100264384,-2.1750955914889865,1
0.6230335343894058,-0.28795964002883373,2
4.19274231508702,-1.3281153773707528,4
2.193848495242135,3.375117549921332,1
-2.2979041216206904,0.7936218510313786,4
-0.40802915103495796,0.8678399082610095,4
-1.1401446176236836,-1.5942752231647912,3
-1.2426489392267839,1.1091076341378798,4
-2.5683328986943774,-0.2824960353777312,4
-1.21029435050016,-0.1008870439047638,3
-1.6721560487587104,0.20448734422768872,3
-2.0167074157855702,-0.46162822668071485,4
-1.9336015575089593,2.044444668493689,1
-0.6874457022145225,-0.1539817177813621,1
-2.7800662717146882,-0.04994689977856422,4
-2.8183345292084034,-0.021857387928585083,1
-2.9327677061074175,-0.3660206007070677,3
0.748325650191401,-1.097791219670168,3
0.4327853176607561,-1.8679072493745779,4
6.305933345504132,-1.3102364510304128,3
0.6994389018279543,-1.5884655094234488,3
-2.264899339998572,0.70679986132886,2
0.8537427471548278,0.4594828284865881,4
-2.7346542455648635,-0.24234265824345053,4
-0.20331546243573176,3.4878273952681504,3
-2.1606441366226847,-0.41033567055034503,3
-0.29499234914282885,1.5509116418872153,1
-0.2713020095603998,0.6776162063789068,1
-1.7746183387643915,1.2647225801795197,4
3.5314947564034433,-2.3004343970233148,4
1.2403161682903037,-0.5413036628471837,1
-1.612558796617029,0.22569587124440588,1
0.13804608968333393,-0.6056326082038027,4
-0.05675439973951121,-0.5777707522541016,3
0.9419876981475744,-2.0518561680409735,4
0.8819106663642866,-1.4305275634410959,4
5.866491695564875,0.7425176277643842,3
4.898650202742033,-0.061120584929133005,1
3.704474250775371,-2.3528804069734104,3
1.6338833023399333,2.807518382385747,3
-0.6590895208846977,-0.07303058050063034,2
0.15737416580695365,2.44317787626959,1
-1.8376162705547214,0.356128607650936,1
-2.57660238050664,0.16186011138242687,3
0.48934472683540314,2.341415178531176,3
-1.6334752066955331,-1.0464112698203565,2
-2.6246751549942515,0.020698708337509347,2
0.11325677777560521,-1.1333604462675615,2
-2.3266839078182806,0.705740419490781,4
0.4201820244912664,-1.137841890321333,4
1.7154993369170204,-2.039303794183574,1
0.17730132445243585,2.680083740793661,1
0.561822797932136,1.7277802268843325,3
-0.3688615936696901,2.177072943215907,2
-0.3148194789849211,-1.026019163934601,4
-1.4050309924646318,-0.7756726903980716,3
0.6031538924282555,2.6352066847548357,4
1.6876858725453459,-0.3347616638035242,4
-1.2314127405836255,-0.08195608189975889,2
1.8153073445687793,2.477561030581861,4
-3.0656766357615717,-0.2346252632615676,1
-1.0123832924914293,0.8731392217766202,4
1.4199196883297878,-2.6005841028739214,4
1.5271529368734966,-0.7276552909154141,4
4.191868251200202,-0.9044474513247415,2
0.27473933929457917,0.3067828594697406,4
0.4852736829483221,-1.563084280089958,2
2.767778684895187,-0.5656762718292815,1
0.9185978361646558,-1.2419896447557628,3
1.2608825833165678,3.4818531733888824,3
-1.843588713317029,-0.6726850741490304,3
-1.1076719791261407,-0.9939579636584777,3
6.028146333593231,0.0008441494179341566,3
-0.5535451837778683,1.166327716417493,2
-1.716568601908186,0.7829709973224922,1
-2.8943539981857276,-0.10096379595950539,1
-3.1063118676005996,-0.7009236945582485,4
1.8869366611244913,-2.1761335428691337,3
-1.1482345356497439,1.8744627539016823,4
3.2959917173619346,4.881377015734671,4
3.2295122473932714,2.4220240266059743,2
-1.060716689645833,-0.4859310251239748,3
-2.445643764714706,-0.775172954126315,4
-3.130951523125422,-0.38681983949029247,4
3.8383768232168824,-0.6321590250253132,1
-0.06165596320611638,-0.9616153275335426,3
2.663481256424119,1.8389256062695212,4
-2.0408926364040365,-1.3447690068072136,3
-1.4347274284297205,1.8360842788190261,2
-0.03146815763849147,0.6177123282010545,4
2.216829354942866,-1.1630738633631568,1
1.1384487456893972,-0.9993893317197586,4
-2.339590768140593,0.7429952275344466,4
5.219957591382265,-1.2961397908605898,4
-0.3375396916199082,-1.662617750117717,3
-0.048550023520624555,-1.37899146799037,2
-0.043678933749686163,1.6059754453325783,2
7.424045741863644,-1.1815078009952646,3
0.8581087054416687,-0.8720244758134706,3
-1.5033734402955286,-1.270989202609412,2
6.772468885823382,-1.4386787518327204,4
-3.490589862601609,-0.7042555231824253,3
-2.682310290627933,-1.0341440131626314,4
2.677142238932847,-1.439371364592658,1
-0.7336823473608565,1.2269370187330053,3
0.44438695078666934,2.0514609247892652,4
-1.350773308863691,0.24750364586835394,3
0.9978401523522743,0.008470494231687211,3
-0.4499980159924954,-2.415025644008312,3
-1.281476235916433,1.20591801345353,2
0.7837011166489092,2.0238085912578656,4
2.366629428959683,-1.03260918527849,3
-1.1337727353132667,0.04741641231692454,3
0.8655921583233604,-1.6335773400384648,4
-1.152822501312299,0.31812746730222674,1
-0.8245886282651819,0.6340090336936282,4
-0.35487516123279816,0.8365943321882459,3
-1.6728869966353332,-0.8639926799096969,3
-0.008342220506228706,-1.52013188491472,4
-1.633295525738594,0.2976128680775225,1
-1.9319196665444165,-1.1439221789263463,4
3.095408897943918,0.9330663606103006,1
-1.3972413176015692,0.3414935150864877,1
-3.4123145507853887,-0.6680486149164478,2
2.273837722933698,-1.8741995884126623,2
0.9725130930480353,-0.38873634423330133,2
0.6494022285048432,-0.13600053781776122,3
2.2565916979352827,-0.49190153174425544,2
1.1111711254659242,-0.9807033568179914,4
0.07302558960363839,-1.6401027231846013,3
-0.924510413641176,1.8442920000643845,3
-1.4769054791998686,1.924079218484423,2
2.737762276354549,0.003887099874697085,4
-1.471932172751617,0.620962441194059,3
-2.627231336425449,-1.5459111237196121,4
-2.00439809829169,0.38448732101071986,2
-2.01961588237281,-0.6518327883057109,4
0.7669868844027136,1.6264507317040797,4
-2.7305117546984685,0.01936003799114048,3
3.0218208483032187,2.2088398264310403,2
0.23567984611496742,-0.9534229671403532,3
1.548008408481549,-0.938237918703534,4
0.3662672499442368,0.4546738922943086,4
-1.1659114084119735,-0.3912122858379409,3
-2.0011990366360446,-0.6561779179125449,2
-3.4926193626937128,-1.2750120526586342,1
-0.2071829424091724,-0.8114308142659268,2
1.1550832126948076,-2.547316920398478,1
-0.4199230002943454,0.48885708466327243,1
-0.30307715210157316,1.5898420410162475,1
-2.252184306155546,-0.5926775470521672,4
-3.294085369253956,-0.8788510537166324,4
4.846194839021357,-2.350415361914061,1
-2.1350651874317736,-0.32445319458361827,4
-1.82248619587836,0.7385807088396898,4
-1.8077176053913235,-0.2553460753147458,2
-1.7728615751897587,-0.1663374360414047,2
-1.395773970129368,0.6643911737453855,3
-0.6290365943515097,0.7106589843838688,1
-0.5992884204506146,-1.500067907808714,2
4.779899478894034,-0.9538362095666639,3
7.085081975656817,1.1288598750121552,2
0.8726294838274942,-1.5975802245402781,3
1.88795169969439,1.7814936765992035,2
7.955561402950285,-1.7517342761519352,3
-1.379658184527503,-1.0504793101884873,2
-1.5995274735993035,0.7597249616764868,3
-1.0294223679839056,0.2594318857654429,4
4.7560385502900955,0.8429923253027262,4
-0.3537072057072772,-1.3094995469086401,1
-0.8615728519340886,0.5835945511351616,2
-0.6660787375511329,0.2265241113415644,3
-0.9830558728558886,2.8368009524271214,3
0.2738087478687695,-0.6143216225038728,4
-1.7382833708713654,0.26634191134811847,1
0.6552834273164448,0.013644773515355632,4
-1.5895220981414675,-0.38458920427450854,3
0.14091955420455748,0.8685073157649832,4
-1.1221202708259037,1.9923896744255043,1
0.7056661448596478,-0.9568632741082121,4
-2.2321261565919377,-0.9264953212258465,2
-1.245415885728797,-1.356895196854247,4
-0.9465336847627406,2.240339074913707,4
0.5973453507324575,2.636575851092382,1
2.50034429076999,-1.397554854103333,4
1.2985230812784534,-1.6511886256010666,3
0.06973387429471332,-0.8772102580079102,3
2.692662119955495,1.048422698824773,2
-1.6636748942634572,0.09921505744370267,1
-0.023943275643782617,2.3426464661765394,4
-0.8749946156682603,0.7010703745678251,1
-1.6294665679640083,-0.7896067758901228,3
3.761862380544887,-0.28797941157874524,4
0.41801309161839073,1.1314995933946297,1
1.4720014879443466,-0.3328198573168629,2
-1.740383776606876,0.7238559466102058,2
1.4076515866055908,-0.39227515262569035,4
3.1442594384340996,-2.143624894928033,3
-0.8192045717993682,-0.5626710315494711,3
-1.6728361097506343,1.2125471560194039,4
0.6470273490089913,-1.2534985857622107,4
0.7534206355721972,-1.3295819868856662,4
0.9619822201494812,-0.8393169485216244,3
-2.4008270570122003,-0.8153647853442711,4
-1.2069776683717894,1.55008437984861,4
6.654460165385317,-2.4011310811908673,4
-0.9242791321127679,2.1368981805437435,3
3.310522252588514,3.3765303849207196,4
-1.3337046095014855,0.2775795110143296,4
4.098324045347091,0.2499367135613815,4
-0.21480646586332738,-0.6404936754039829,1
7.503437425372974,-0.7688323285023733,3
-1.653144268486998,-0.44955371470814004,2
-2.0332110547764164,-0.5053233957679836,3
-1.430133742380245,1.5819016888746193,3
-1.32430493997178,-0.2864108314289215,4
-1.3323840153863422,1.165656429616035,1
0.45931707939564215,-1.483398212089153,4
3.8985701714051015,1.1355201273268967,4
0.09732626127077504,2.3919032826732387,3
-2.115435487816719,-0.061221207260764667,4
1.523192289215328,-0.6185753866764545,1
-1.3440309729779034,0.5156957312238903,1
-0.5951632455741108,1.6945109582435247,3
-0.3557523803893036,2.3936613189251643,3
3.2615147811681364,-1.454745460819113,3
-1.3477441714748648,-1.2766406182681769,4
-0.8807660133280425,1.1586804988861825,1
-1.1140932833569233,0.2448452761241838,4
-1.4735715823135151,-0.5194569320074341,3
0.44311963023151074,-2.031953428975206,1
4.258156357464763,-0.3748611437155792,3
-2.177364298260724,1.1950426482863272,4
-1.5153080849331881,-1.5123658274535312,2
-1.992447022999812,-0.050616119863909875,2
0.8934135431263954,-0.6428668475639174,4
-1.2972737310337465,-0.20514249410567015,1
3.7157572533084724,0.979036217064182,2
-2.6926821188133783,0.4611359087863879,3
-1.6741904820625655,0.8236018377114157,2
0.15659491874094644,-1.3167726430074527,4
-1.0900479055011456,-0.7804597459780318,1
3.6360518358341167,-0.8151917914732821,4
2.203906027337665,-3.2774667438546286,4
7.225038734576178,-0.4967752688923898,1
2.6182765795095126,-0.5692735324506956,2
-1.9562563501525607,-0.7556468053057845,4
-0.6977712963894618,0.8215896775168376,4
-2.7053825270915723,-1.0354190015985547,3
0.46590177670773186,1.4761154637415257,4
1.1555741592902737,0.9007004264523043,2
0.0918413826998982,-0.94935474648465,1
-0.8506270797935337,-0.7472457469447357,2
3.383857105281093,1.9493960367527006,2
2.2811281968585333,2.7857568698896613,3
3.1567996389741286,-2.794779921583752,3
0.07231363892430641,-1.8299376476095337,4
1.0124456770621286,-0.2192369947906047,4
-1.1327970036624895,-0.8901206809243489,1
1.3585423336983249,-2.339812170899806,4
-1.4184027275198114,1.6488695464452354,3
-0.7056169935881923,2.15226123675816,4
-2.157642445377154,-0.06181790661716509,2
-2.034923018890684,-0.8572615169382586,4
2.4151189305543945,4.246208017885359,1
0.11562610012992743,-0.15433324305893611,2
-2.0725360946759075,-0.7254972889043856,2
0.23780330388104973,-1.438146697250576,4
-1.7750423387332337,-0.28408230249692307,4
3.5100014730420264,0.6725844670480741,2
-3.428730984878259,-0.5120548987807532,3
1.9336112141179285,-1.6205141272129522,2
-2.2168262557778093,1.1128890011532184,4
-0.301988632130862,1.9290459433497353,2
3.4489187168564657,0.22610531258098096,2
-3.3987230162371187,-0.731234538457524,3
-0.630041993908631,-1.0934692149861922,1
0.8616630991735191,-0.950467034436239,4
2.5418150294888893,-1.3414993657438439,4
0.6727859120783716,0.09323022850149654,2
1.1136816641676004,-1.5803556099697862,3
1.2789026088241846,0.8764772136235331,2
0.18571547829570484,1.3347876319997576,3
-1.5839489767268211,-0.46240405614030156,4
-1.2463278233506172,0.8224080370074797,1
3.7767858606250204,-1.8773951676985725,1
-2.0525268338814437,-0.7227393464838779,4
2.199052466626069,0.1349041103915766,2
4.637856637235174,-1.686040750828837,1
-0.22949608700637486,-1.6300773119407999,4
2.1229441475340254,2.859933101598007,3
0.8045819768988949,-0.01795551071564312,2
-2.082993496388119,-0.540018927542628,2
2.171170072008947,-2.7764586190529337,2
-1.2056227756673725,-0.7589725478164743,3
0.5482691808985353,-0.29863747814108504,4
0.05130957634365725,0.5756415182636258,4
-1.8288359289025806,0.5300779491823825,4
0.5279641038475689,-1.5861371677259932,4
1.7852843699008956,-2.2008508453437647,3
4.788892202420065,-0.7321362958267629,4
-1.4226939823747273,1.3886347887522872,3
-0.6373968657531697,-0.43910774286925586,4
2.1906638349095635,3.526222792103105,3
-0.2074690284929882,-0.046545568079996616,3
-0.9302508459088493,-0.8946316789285924,2
0.25403892847281623,1.5593173134163576,3
-0.4904871778904851,2.907769315083895,1
1.8216085392716057,-0.16086600088810002,4
-0.8248139824276672,0.4309834652645815,4
-0.8829770961714788,-1.592419114217267,1
-1.8099758246615243,-0.636059737045942,4
0.12941321676412293,-1.107398972160916,3
-0.03286278986961441,-1.2826454693619171,2
-0.6169400072289665,1.3099256645028878,4
1.9242981631489124,-1.3725324024211243,4
1.631874658226611,-1.2892821168284745,4
-0.0002632209289095427,-1.7268924630078868,2
2.0481723653621122,-1.1720138279334584,2
-2.4237472325445686,-0.8634718316849341,4
-0.4995963330606622,1.1381722231462115,2
-1.9586157977076055,1.2335851673122777,3
0.6585994159542354,2.740058141647022,4
-1.4660970867186096,-0.34612875911846397,3
-1.9982336012008053,-0.33664237342081416,3
-1.316045167570086,-0.8425218474867838,2
-0.15846847320797794,2.291258651993834,3
0.9052522947832696,-0.4971727535412164,1
-1.3590269224088185,0.6091494270170358,3
0.4378789312058386,-1.8924742912936308,3
-1.0899328443744536,1.7301632439637862,4
-2.626110355593567,-1.269752390766151,2
-1.4256234848566156,1.4547444064738098,4
2.403726489198225,-0.7895571358799424,4
0.1299481496207393,1.7216733833251923,3
-0.15877302544465718,-0.4232430073772812,3
-2.443197153101886,-1.3823756444219715,4
-2.6979824232767444,-0.09048512648448069,3
-0.7374146676264168,0.8832195619107955,1
-1.2571364100219655,1.5158988528362984,3
1.108835717951388,-1.4172722444032717,2
1.0141575053965362,2.385286365144779,4
-0.7233583026479572,-0.11223222207742048,3
-2.0582306230458713,-0.8752758422162955,2
-3.0544354297708414,-0.06533433054547538,2
-1.9148803848550855,1.0133565271901217,4
-1.2595369114609893,2.4109584111297546,2
-1.874521273205888,-0.6916098992256925,2
-0.39164741327693,-0.6783268628929267,4
0.9576884536919126,3.205518073947659,3
0.9874478783249735,0.6418313550997296,4
-1.7032578880897722,0.27913887849046276,3
-0.8066673571082504,1.2598814619545549,4
2.577340638102731,2.9676327378305714,4
-1.3778911989211386,-0.2317731214663581,3
-2.953109121858016,-0.5168079199051695,2
-1.8319523729188685,-1.6858887135957967,1
-2.518055378536706,-0.6289926709101361,2
1.1863648805882732,-1.243585295839436,3
-2.7138496527737184,1.1392849671366696,4
2.6865303692088593,-3.058305367745522,1
-0.38811157398632196,0.9711857549071794,2
-1.3017542461696834,0.45481675654115017,1
-1.0296143776727078,1.5923718393196553,2
4.4120377340301875,-0.8403020500410194,2
-1.0445638547173024,1.9976886970635535,3
2.520134677835656,3.2682227267429274,1
-0.8762049964791674,1.8094236450295287,3
1.3285606845539213,-2.746157128719856,1
-1.3892447691074197,1.0360871006112595,4
-0.7777895553639224,1.2792268047811957,3
-1.3224707065736272,-0.9024227049478908,4
2.151505631655091,-1.434296751560786,3
-1.8843791218199568,-0.8438667413524099,1
3.7796097431969375,-0.010442572359985075,3
4.301596448185774,2.9859797480592842,1
-0.5458475311493598,-1.024990278329252,3
1.1142022550778572,-0.25378013592112797,1
-0.5630623973388286,-0.7953003487481777,1
-2.1325842526575385,0.24340865510963267,1
1.4387411736446392,1.4386371646087586,3
-1.6020353945038086,0.49767248748826964,4
2.5009380468883244,2.5468199708401866,4
-0.27583119633910663,0.4314530072802626,3
-0.8194998968544963,-0.0013685698835782245,4
7.068363855296575,0.5540581008465119,1
1.11648073552497,0.003398888796535286,3
-0.3043314434411414,-0.2753801864783208,4
-1.917185283372097,-1.3056565871051193,2
-2.323466588070892,-0.7118605048562198,3
-2.7374576412660514,0.04570143206224619,4
5.103601166876889,-0.7006495522119399,3
-2.3938017582888125,-0.6249827197503087,4
-1.4187393655236493,-0.048059588748424906,4
0.5840468244917684,0.2114430642807203,3
-1.9464329922111077,0.550547933737824,2
-3.22027026220196,-0.7355779871841807,4
1.567619308005605,-1.6435462840344406,1
1.749093449589251,3.581178928844843,4
6.103020264635885,-1.171009384007501,3
0.14474527788497402,-2.239697137319961,4
5.080208686038062,-1.2498592069483907,1
-0.04190691625478895,1.6761515128037272,4
1.7579707173965669,3.478595166449811,3
-1.044180258990228,-1.2189359925208278,3
-0.5255313931591132,3.0470930752657104,3
-0.14455864196087528,-0.6435479097935618,3
0.2918782612645324,1.481801244517737,4
1.276609183459593,-1.4336210699185516,2
1.8702306387934169,0.49075084668487123,3
-1.4958664914357795,0.016365377027118405,4
-2.2179536518837804,-1.1765901301853574,2
0.09930854888708567,0.8688736566160332,3
-0.8998777129177675,1.4793167677214052,3
-0.16235217280907538,2.2543823164179173,1
-1.7412092096593257,0.752046540971075,3
1.5461713302657152,-0.7318393576001081,4
-2.4703201275882467,-0.27373517312522644,3
1.4954012906554517,-0.5040702929990206,4
4.897575356566961,1.6858676810350532,2
1.1391828461403193,0.14981452122795458,4
1.6640298372784226,-0.13318840022237913,3
3.9932624142818525,0.18874027462220622,3
-0.8529003586793282,-1.2395809754650315,3
-0.4594315297257277,-0.25564773022261916,4
1.7081834332613755,-1.3398385373283648,1
0.6462665425345779,-1.1304760858228935,2
-1.362366412127672,-1.0064802404639703,3
-1.2265453669831736,0.3087007667536576,4
1.001665340030063,2.1651525710843567,3
0.056980809885904864,2.0807147222797964,4
-3.376816701237575,-0.4761276059719763,2
0.05461264340774474,1.9496314112358217,1
0.43745799167753247,-0.5715967122280244,3
-2.0702744460343356,0.5502826945011043,3
-0.9928602247102761,-0.30302525901397326,3
0.7963055108947075,-1.2395689440956992,4
-3.0881545156488834,-0.33051464295274136,4
0.20042518874763493,0.9625610259222479,4
0.8793642864550819,2.2983738968923357,3
5.416165769786544,-0.037728555044334956,1
1.4055112201413609,-0.8049290203725443,2
2.0465157654813413,-0.6368614960395543,1
-1.03589925369697,1.73518957679298,3
-2.298299778570057,-1.1988909209502259,4
-0.6892745200570888,1.9527828106011385,3
0.071094970640077,0.7251687498681635,2
5.71070484098126,0.1508034595918585,3
-1.462728543787848,-1.2134150069323213,4
-0.9997329944369342,-1.0059782988467803,2
-3.1082885603674244,-0.45082934393893315,2
6.1080724504960235,0.1357525819579084,2
-1.4518686389926607,-1.540580316027901,3
-1.8630025743631597,-0.8804305654620852,3
-2.7435423671786956,-0.026548681071445354,1
-1.258551081243149,-0.8193877431936865,4
-1.312431751905796,0.5427496170179955,1
-1.3632911926337485,0.4658791147797859,4
0.7499501353865433,-0.7456887197589126,4
-1.831148260395448,-0.9991845488633039,3
-0.49973802104265164,1.6821124307923105,3
-3.0841631567189722,-0.2406629750409853,2
-0.2625479297289996,0.08669179192966868,4
0.9572040863740594,3.1287656757389932,4
-2.428251937110467,0.5729962539596856,1
0.9024467873609289,-0.17372233470907036,3
1.6005036517373197,3.504681629032995,1
-0.6862148589802897,1.6470837402123537,3
-1.0698386875919377,-1.0517960753230942,3
-2.178085920477028,-0.9967955954003281,1
-2.4444261482558542,-1.0392669657617428,3
2.2372706991711704,3.373217491019225,4
-2.522933095894546,-1.425794365956382,3
-1.0630014705785298,0.3347330254171676,3
-0.6124380263575053,-0.06625872282714575,4
-2.860564318453746,-0.05959590424613363,3
2.7210279696747577,-0.4193645559056226,1
0.7900902110376404,-1.9834400551893805,4
-1.3943465626978682,1.1326224356869894,1
-2.293253803486212,-0.4453183088577185,4
1.7703996249943617,-1.2445664465791229,3
-1.4501019209787964,-0.42835860869960224,3
2.593046410542226,-2.3330053425901487,4
1.5478130086699373,-1.3295135395160154,4
2.0916374947644774,0.8438386977098064,2
-0.6472801349312203,0.6912618594983995,2
-2.1397978379371874,-0.405215332520021,4
-3.2614057931986027,-0.947105083899313,3
0.4375370339006503,-2.4428523817000922,1
-2.7310713332749676,-0.0052677892745479704,3
-2.3021722583799393,-0.6455824810974171,1
-1.648651631614148,-0.6234642927414193,2
-0.18745631359591014,-1.073423607581198,4
-0.20316580780177862,-1.810502689530973,4
-0.2973928333911382,1.1643160180716108,2
-1.0784995098886052,-1.0280620118871973,4
-2.4088145979914866,0.7259971791865786,4
1.6773959405213175,-1.6729341791790502,3
1.2827077491727328,-1.227082615619536,2
-1.8333742734045715,1.085727823058399,3
2.761721958820744,-2.2545558233063026,3
0.2995362651160489,-1.0087899546810726,4
0.1827892221057092,0.9453096855593263,3
0.6689083796187677,-0.8653326279429494,4
0.38194670749581633,-1.1209528393285098,1
1.3928145568818449,-0.8362516234769145,4
1.1592859615704032,0.14453767617105862,1
3.4970791689022356,-0.6817734505014615,1
2.299207768487396,2.90414329182457,3
5.054911232885498,0.20485799426926454,4
0.015974449796063186,2.9335939068320904,1
0.5352767126564318,-1.491942026531643,1
4.517346401927838,-0.1017783128345678,3
-1.0465096749570242,1.6052971076485918,2
-0.543868533910127,-0.9924953795914819,2
1.0423597386677628,1.457544430423214,1
-0.8962551622972755,1.8198628152347833,3
-1.0361900825795434,-0.3750360941378495,3
5.017749469565286,0.815198171648362,3
0.9087948649470772,-0.02737279810867717,4
-2.883231769011978,-0.16207344959423695,3
-1.4416824828837604,1.1475638976398281,3
-0.687564132887366,0.7074205975448259,4
-0.6301589956283988,0.2907778205172234,3
-2.2633956309199164,-1.2855074996528495,1
0.4271646674725473,1.1996683380232949,2
2.747368024221728,3.1278952713196255,4
-1.7331556460215378,-0.6168028749745806,4
-0.15646190424921116,0.340331248298265,1
-2.108081844265431,-0.40637720510286574,2
-0.28554460204836746,1.1384142849014858,4
-1.1893483550525519,1.203823658665319,1
0.7161971555116529,-1.304415484703104,4
-1.9519836825366899,1.9154310688135205,3
-1.6277479731631916,1.163528433611073,1
6.1455914491335655,-0.7197709159346418,1
0.48675470100163387,-2.1999215191456565,4
-0.9999852645018019,-1.4432062643822667,4
0.04931349356720515,-0.7223343546679016,3
-2.680353396057169,-0.9145978915032136,3
-0.2801888391764204,0.793386284923994,3
-0.5682808279344214,-0.7165774573052321,4
2.97358729573772,3.651968291501393,1
1.0538676253268275,-0.5758924916388964,1
-1.0195575524430633,0.17723518301287475,4
-2.220786931198845,-0.44490449043192176,4
-0.46302021988698683,-0.07439932299379562,3
-1.2920185069382564,0.4164530204891889,1
-1.3862324033977698,0.0803259251311681,4
0.19845728761312337,2.302805872983222,1
-1.753407542307299,-0.7051000967713675,4
-1.3332715577912075,-1.1395289578607357,1
2.079528304646925,-0.34768271760991454,1
-1.1172565787200166,-0.7171701712546719,1
-1.9404755337552224,0.02519666669397456,4
-1.8961533203513232,0.13552617299413788,3
0.30878379416022206,-1.2383358299488059,2
-1.1012432462540298,0.8989444479585738,1
5.64088006049265,-1.0241150064260602,4
-3.196748242006467,-0.2868004960864437,1
-2.929206513260535,-0.19490793770183593,2
-0.2541412519097973,2.070043151831831,3
2.4170220809375,3.1370405061658158,3
-2.898247144553382,-0.2221946534867285,1
1.988624291302638,-1.1042959330623137,3
-1.294883924184046,0.8780135159547204,1
4.358533991023694,-0.16943064504645552,4
0.05386284717479342,-0.925375785322066,2
-0.6233471536303681,-1.6235932587040107,3
8.197456414372978,0.6927158552549223,2
-1.638693119038698,0.4878882556035031,3
-0.6427273939675837,1.6875212089597469,4
-1.928117974692564,0.774987418512015,3
-1.3542088939329637,0.27087205505796746,2
1.9219926239135807,-2.1659665460989044,3
-1.3866516533372422,1.8030400284887802,3
-1.6009955013500086,1.4577501734162985,4
-2.434017750912262,0.49379932842423147,3
1.1781887494371903,-1.3355373839274425,2
-0.531262894291307,0.2968489146648152,1
-1.6313987732925554,-0.4554407547403576,4
1.8759976981945434,-1.0039334257830193,4
1.0259391216217486,-0.045781138392444236,4
1.2934225282510765,2.9420312264505077,1
0.8987578717508492,-1.4625500431003773,4
1.0295076306647102,0.2734461886332842,3
0.2970071237461266,-1.6369834182311764,2
-2.0445260538417127,-0.40468338191945463,4
-0.8938027886710882,-1.940389624695708,3
-3.055071943417045,-0.3375877774151671,4
5.3097003199014425,-0.038280206883939315,3
-0.2515894778489924,1.891535364851621,2
-2.183220874993064,0.3287651119493312,1
0.13540210270582398,-1.5258789643971602,1
-1.6205526029584094,-0.8291729558631027,1
2.635764268058074,-2.5022161708494384,4
-1.0175146550704968,0.15580533983212852,4
-1.1848399322321046,0.95583390598477,4
1.9511282334936642,3.078814247299357,4
0.8331395187207864,1.9175396867017507,1
-0.8852129903758887,0.6169726662785587,3
2.716384287042321,2.313594880817092,4
-1.2735890236926666,1.704146357588479,3
-1.7472956127812171,-0.6405292328427664,4
-1.7246463700619339,0.2588794347524247,4
-1.3715836523659302,0.70315592297607,4
-1.6845307365719822,0.6103724382857464,4
-1.5215361935114984,-0.7423741796108433,1
-1.5713865716136115,-0.8615003260594883,1
3.6888947593690835,-2.5156479275441823,3
-0.14601492205860736,-1.6243961181018698,2
-2.3287132850500805,-0.5027131483729466,4
-1.6185026832236586,-0.8269727173259609,1
-1.2683868685000976,0.6108373982241194,1
-1.8045864481240999,-1.5747969718305133,4
0.44642886296165235,-1.453411688190653,2
-1.8933294460535817,-0.3422866060344325,2
-0.15522825401589163,1.0428322215129764,4
-1.4688246897531843,-0.08804021474199877,4
-1.9723996777834156,0.49290083931377504,3
1.6664120445219834,3.3252391678974633,4
2.2990836548694955,-1.011770466747559,2
-1.4198978385141108,0.5414599396691648,4
4.270387530125875,1.8747765801393688,4
-0.3343713566760653,1.0102196331042255,4
0.763366950649336,-1.5126824191032548,4
0.34048618779287015,-0.32228809401740205,2
6.1311889913920705,-0.4146790257478753,1
-0.12158043054518247,1.4388430628851319,4
-1.6560675798837463,-0.18006351392903283,2
-2.726142134013719,0.16551882964267542,4
-1.7779430133277587,-0.13861097343268494,4
-0.2658538884554984,-0.9813279768444758,1
-1.5481339845319575,0.0895903196620733,4
-1.9175113316506032,2.3643044129097155,4
-1.6099188636067239,1.4759848593355596,2
-2.687702051538524,-0.8211041875545068,3
-3.3780375814228445,-0.834961832084414,4
1.738583390686694,-2.3328716745331954,4
-1.5447517499365444,0.3104351037728464,4
-2.0770405715900555,-1.2410730927915068,3
-0.7777059803924063,0.5338553133077298,4
-1.97300933167458,0.1679031908012955,3
-1.5644219504037746,1.1762279874830277,1
-2.894847432629193,-0.19688305046941917,3
-2.6559282922404757,-0.0977728042880056,2
-0.43236713972075885,0.7537287304027602,3
-1.9172730996255016,0.36620220059533676,1
1.321074805404256,2.1967560714034198,2
-0.34775545374459227,-0.9805643205882955,3
-0.10210173936862553,-1.1112833668703306,4
3.430893284681829,-0.10120858789050313,2
-1.6235221760776573,1.7128281691830154,3
-0.36119389403068375,-0.38818851071301924,3
-1.5101121790985785,0.1543244545526523,4
3.249201630194841,-1.4400640009905654,1
-2.1992532552976907,0.6828751662514266,2
-2.958367623461738,-0.4383940101646577,2
-0.5601958069756308,1.8967990885544295,2
-0.4476774551705374,-1.4416710839136866,1
2.6446873787594507,-2.8856777185604696,1
0.6132028288293065,-1.194687703835029,3
-3.1921211492294934,-0.8884723839994332,2
-3.2099466214689314,-0.5280622349106601,1
0.700431500156883,-1.608336716770399,4
-1.9934186669721066,2.105200682573237,2
0.37096827077430505,-0.8450214337687345,1
1.8308700667607198,-1.6074125045937588,4
-1.0973380929073202,-0.34324806974153527,4
2.3005269532457135,0.24613463702655397,3
0.31060019061465177,-0.9459479881495519,2
-2.350274317274336,-0.48101469840182653,4
-1.3689694105365118,0.09645116230355329,3
3.973795871876416,0.6785216488738959,4
-1.760401115244625,1.5940386368993669,3
4.905125683671148,0.23607157642596602,3
0.9019217649549746,-0.7142845578565873,3
-0.7801148985595434,-0.011500267008612551,4
1.376392902011275,0.24807196635905102,4
0.8687671387194276,-0.3599093131390538,3
0.5045695249695028,3.1283642237763107,2
2.1927465399922204,-1.0007715257242502,3
0.3841513113167829,0.25513245025780434,4
-2.278551624720022,-1.1183760151033297,1
1.951263155370554,0.1952265949604296,3
-2.8556352887579144,0.8163524630378588,1
-2.153244900801789,-0.4553119914241301,4
-1.1646239360169204,0.8433384952378904,4
2.7062408030596874,3.6710504905213392,4
-0.7233842144071259,-0.08901866096634635,2
4.906424075894586,-0.6408988942513,3
-1.858733477661316,0.9465962769148251,2
0.4193769968060496,-1.2009930999309861,1
-0.29983755263119516,0.12038489373738041,4
-1.9685370198944416,0.006969144926482321,3
3.1742123676479133,0.9422858293970537,3
-2.3138330651996197,-0.3452956489406512,3
1.4376418052407667,0.9980701594074727,3
-1.5537626671327385,-1.1057781712937018,3
-1.8165342689485362,-0.09777124896027217,2
-1.4847306023290185,-0.45205328087195773,1
-3.5313181675077585,-0.7360611766612877,4
2.5197524428862104,1.9955562660826067,3
2.4241488991480935,-1.059562055444106,3
0.8485551806294783,-0.9183204537696285,1
-3.229288098404468,-0.40224005898837933,1
-2.2108528834829655,-0.8939294375769476,2
-0.5647385259222405,-1.2353848942924879,4
-2.4666033679164205,-1.4785841972309777,1
-0.20842979766737765,1.2958905977324102,3
3.592750449783914,0.8982523184755616,3
-1.0380143412253173,1.044867057893155,3
3.8090780656294907,-1.5778783115817285,4
-1.4886561638203037,-0.5073511635104534,4
-1.952558315507062,-0.549586515896746,4
1.367268529792652,3.4147439684688456,3
-1.8610193076433081,1.42094219586499,4
2.677728845067293,2.411471372256277,4
-1.4030009248690185,1.5751032979604829,2
1.9039311827644698,0.12032878539744699,2
5.346825428313568,-1.640639897703399,3
-0.6876426820409418,2.7675612234705964,4
-1.4315489485628308,0.5974948050984582,1
6.876751012692063,-0.889736285285499,4
4.50155531147367,-0.7352344719738959,4
2.340880013746267,-1.2588376341938632,3
3.127873151469231,-3.7988601667613007,1
2.5890324603719246,-0.7305023418881672,1
-2.219089973851061,-0.7587748853505494,4
2.229901270536648,2.0764502568499172,4
0.38557813266283236,-0.29970457000652556,3
0.9535810796536878,-0.3461882780762796,4
1.2846375110727921,1.9508065529843808,4
-1.1244465142729057,-0.38003563417447345,2
3.7858201031489425,-0.59831475385418,2
-1.6637233954383848,1.8434735771246846,3
-2.072786344648843,0.2135307723501619,1
-2.4942319294184823,0.4741495944809305,3
-3.1707427374471098,-0.5745689294883266,2
-1.496745399993393,0.23057333574990171,3
3.9540322736695837,2.3506510458025485,3
-1.2047394027489429,0.35368799774706966,2
0.8678001398926452,-0.9650269858988886,1
-2.024767793843987,-1.2970135547407198,3
2.5379123217198947,4.358001967332246,4
1.6572027252738788,1.7463390382648438,3
-0.24692819331879773,0.7275841655951526,3
2.358260599837523,-1.2716984613616296,4
3.5666408710710775,2.123456907268804,1
-0.05145941498371679,2.3109736316181326,4
-2.6815601070093633,-0.9716905093173762,4
-3.214722059171601,-0.8082205950538524,1
2.1773060262877206,0.18685447069738204,1
0.36404968431991425,1.7280198519764765,3
0.7441765736550848,-1.394490886287584,1
-1.7431934807199503,-1.225605648371386,1
-0.8560493130809532,0.13369881877669848,1
-0.1668252902894132,-1.2561646572248193,3
2.3227216377667883,-1.767448702511104,3
2.2705723503837603,-0.03692608546576544,4
-1.88937466302936,-0.2948007529954837,3
0.9360083825292145,1.9320067547624833,2
-0.14481922881378564,-1.1224575988884462,3
2.8020992767959485,1.3026806939798925,1
-0.5422849972269276,0.9974682203547852,4
0.9953592602138641,-1.0697336077686637,1
0.7901013416999892,-1.8329927576762426,3
-2.1091813071051537,-0.8730923297311062,3
-0.941211987998392,-0.4177944431461089,4
-1.348867564490742,1.2184005882758202,4
-0.7118483731108486,-2.521978561922407,4
-2.9007698154574486,-0.12144960449089495,3
-1.976779573404066,-0.018184562633368217,2
4.668148427976429,-1.1471473861643773,1
-2.9218838346953633,-0.3262347517478118,2
-1.444486183190781,1.9030590268391605,3
-1.498920459318402,-0.3052731327058208,2
-2.2737078450528445,0.9508324107920809,4
2.237633751927536,2.4829300645832504,4
2.423665741062354,-1.498303797248245,3
1.5608310234033536,2.372226963842782,2
1.083783259524102,-0.7185438039200338,3
-0.6715948557390459,-0.4855579210094581,4
0.5883872660179738,-1.1038158992210898,2
3.802714666044759,0.21407480193719888,3
-0.9220975570970626,2.143790721518875,2
1.2213242058713665,2.216723901729994,1
3.6405275939793085,0.34045918010949994,4
4.335017766145643,-0.15400495269744832,3
-2.655509612737623,-1.3965423658486962,2
-0.4697688445103711,1.5954473349472726,2
1.3614189958165044,-0.7057483128315952,4
-2.033554212444877,-0.8137375736643304,4
-1.9358581455453752,-1.189099537404039,2
-1.2521843245583957,0.0011292723599161622,4
2.671191662273038,1.782992446602956,2
-1.5935440370075202,0.319387689438842,3
-1.3908934402105109,-0.8720719080038216,2
-1.2250564578991587,1.260514969297786,4
-0.45310363793391145,-1.0146440881713985,4
-0.739515467264771,-0.8328193868487769,3
-2.3339886016262503,-0.39148830374100635,3
-3.537844300700589,-0.7333085567663571,3
-0.9291304794578787,-0.03486645077701093,1
-1.9376219518423805,0.8673544750531974,4
-2.1769628699904064,-0.731683158263129,3
-0.5769082427446083,0.9629450132023551,4
-1.9690101802318463,-0.8419340532706227,3
-0.8495326007586925,-0.8578736349875726,3
-1.1959682411294985,-0.4529162615913329,3
1.1847404676484274,-2.186106908865255,1
3.3419246294529077,0.7388888945004405,3
5.082543450829031,-2.4178706603934805,1
0.01402894833620088,0.9662600207301754,1
-0.8586367247694834,0.4196413377594956,3
-1.830977941670937,0.3391173221569441,2
-2.9752723177738636,-0.23395454579856906,4
-0.6768063117729683,-1.296770788345932,4
-0.3317651495765066,-0.8141865754814673,3
-1.1955117023803699,1.4280270241553163,4
1.379507853060383,-0.31110498574125206,2
1.254595210310034,-1.91419760423408,1
-1.8953092592921175,-0.32289964171753044,4
-0.5987425415121502,1.5882763825212711,3
-2.790190462730815,-0.17014807491402328,1
3.3740848947464013,3.7213593378865286,1
-0.46352055888682536,-2.113748782355853,4
-3.2440994131502863,-1.0208720205740667,1
-1.3797724975080388,1.2532936555541359,3
1.620818731637975,-1.675763574628142,4
-2.608479856141959,-0.9233724343579854,3
-1.2726192171040618,0.07750636502175216,3
3.883238596092632,1.483806540304425,3
-1.8332297628272571,-1.403292416287823,4
-3.0964955436353123,-0.612381077919452,4
6.61410610546765,-0.4540732586837504,1
-2.239820159715171,0.5978168181924213,3
-1.2889932042038617,-0.6965804761785858,3
-2.4239862903095037,1.4024904212484286,1
-0.9238055466496666,1.2236124109194502,1
-1.5582187685687336,2.0850588090011906,2
2.3731708840806536,2.678541550023756,1
-1.0994290448741262,-0.9706888538328038,1
2.3486470864290703,3.0455059627859637,2
0.9310506632521806,0.2896817683429229,1
-3.1902001459591602,-0.5107330361687357,2
-0.40014578106894977,-0.6636135243195417,3
-0.5005703291272168,-1.4084697459162412,3
0.8988775453338966,-2.1803597786135516,3
4.021811937061584,-3.667457372204575,4
-2.513764779673186,-1.0041755282963432,4
0.16030273387492397,0.7700123323389068,4
-0.30096809696723703,1.6919892834519987,1
1.518030748419924,-0.38436203172834943,4
-2.0800856186331353,-0.7586599089158965,2
-0.07367551388798758,-0.6808383569570422,3
1.8386626868379399,-0.7093023659925938,1
0.9898538571992788,-2.9596320442517676,4
-0.585607932552489,1.298583058744333,2
-1.504050286305072,-0.4174248048805778,4
0.3116700668253324,-2.3491056837523296,2
0.3105688415570818,2.551948156002263,1
1.8716527788482984,-0.532249439062431,4
-0.06449088431979016,-2.196133256165002,1
2.14317911143116,2.934334875419391,3
0.191460763114001,-1.569155867794283,4
-3.2535862984938784,-0.8647471601045527,2
-2.1024905461620222,-0.6643621484735792,4
4.27322608759263,1.73252192117688,4
-1.0108771078400767,-0.03424834839711406,1
0.551651165430226,-1.4378431716582978,1
0.24437846228818785,1.7346236486531552,4
3.407493066307897,1.770294174814343,4
1.6362128800342717,3.275774529109911,3
0.19356544282498958,-1.6439516479313476,2
-2.0386601646667746,1.5961321910085713,2
-1.9613277578450257,-0.9620315394789667,3
-1.464248659121334,0.27853591975232544,4
1.7464261381787909,3.988695812716767,4
1.5437941273564124,0.18477569997574925,4
-2.7093873086683797,0.17685328208290352,3
5.108733331353226,1.0366799550740384,2
1.1242702969303293,-0.5109238366457637,3
-3.020521657202483,-0.4754338774258922,4
-3.1082611010817693,-0.6646232157136515,3
-3.1797898326700147,-0.9890600474025328,4
-1.4677567256616613,-1.4408183268441304,4
5.091382399787948,-0.04898762823188472,2
5.700917480731615,-0.7968554974042955,2
-2.6071906121612236,-1.175153543909011,3
3.498889723616672,1.291536112989889,2
-1.5023688680852336,-0.17335143077576307,1
6.802259231666287,-0.3638966366713088,2
2.752965909661153,2.0371307000516268,4
1.3994620072299262,-1.3570184479180625,2
-2.1435276516836437,-0.6392611834110089,3
6.42774804796654,-1.2480450091402433,1
0.8750084759295369,-0.8859995690449685,2
-1.9404387675117836,-0.8826309379202062,3
-1.0803925697186925,2.3479940405153643,2
5.057496996944182,-2.083850684285373,4
2.8773945511096386,-0.9650602081410992,2
0.931948429491567,0.06027832010694934,4
-2.087163085786516,-0.8070788902471556,4
-0.3408688091096398,-1.2928354986574964,3
-0.26453568093218505,0.03406829493458082,3
0.002583679989170584,-1.7102000477614163,3
-2.196364405627976,-0.44305628098687283,1
-2.4816004306025254,-0.7597692497390309,2
0.4173244533349259,-1.2946924933767663,4
1.3301348337004424,3.1266024470116935,2
4.504643339503819,0.3925701911152432,2
-1.2139662352761287,0.9130768217949505,3
-0.784076449545753,-0.47386180904473124,3
-1.5926265840245462,-0.3746835209273423,1
-0.002838864068178821,-1.6011323519617993,4
0.8021170153367608,-0.1697851832170757,3
0.298810835631221,-0.20285703056056897,1
0.5996954130249457,-2.0682604409350183,4
1.9614591782011719,3.011171995044905,1
-0.035610883717243524,0.9643932255679785,2
1.959445842744247,1.2927453244717684,2
0.5670544210201318,0.31952430492536865,1
0.07341386108401654,-1.6770371788189276,3
1.702111835894119,-1.5895051899617239,3
2.172346513393003,-2.0570295477817484,2
-2.053914279320991,-0.7686125138445659,2
-1.3475957090994934,0.8089330951143037,1
3.810669535544082,-0.6648536380527534,3
5.682886309885916,-0.009382783072777791,3
4.639038003607512,2.8330677088787724,2
-1.7377526873082156,1.544553467834414,3
0.7618869088042914,-0.5032568259250876,4
1.0383911691857584,-1.6035487835459015,4
0.035074061510018996,-0.6373416591198916,1
-0.5435357707031837,-0.4636900763035131,3
5.2900185288978605,-0.19515715821135252,2
0.46431161445686214,-0.4065165153063064,1
1.0672603408886836,-2.0144244086789422,1
-2.072749589600092,-0.6701133716990963,4
3.7785280492742475,1.6598417724741534,1
-1.4989667543578353,0.3275426277602046,2
2.071152829339126,-1.868129806538077,1
1.5216561274104452,-0.27836676336992555,4
-2.5473609687843943,1.3230234713612896,4
1.8044322451836325,2.6471703393748336,2
-3.4322370295679963,-0.5339483179748976,4
-0.4606433552474403,-0.4050395173605891,4
-1.6054797217441927,-0.21352943888344592,4
3.9801405277219373,1.4689555034436055,3
6.455316709085043,-0.6118543140092944,2
-2.0530874964682897,-0.66359425911652,3
2.281741417079185,-1.35236306234987,3
0.794615844297166,-1.0124302030988532,3
-2.5787411889651355,1.1230391741740153,4
-0.9793679562557498,0.011659312063075489,3
-1.6981262587751744,-0.1209832257929631,3
1.9581234511828167,-1.9578541044919164,4
-1.0944059935801596,-0.42432445456033985,1
0.3756484457152438,-0.7899606832003089,3
-0.1969164393356598,0.3958245034804298,4
0.7375510515492665,1.2479389729651011,2
-0.2930398183402143,0.39904914250906015,4
-1.2038072130749187,0.3891651523597755,3
-0.5103785493029244,0.6432133932585801,4
-1.5948836600262246,-0.7163466302688885,2
0.5478408533942924,0.558543477880566,3
-1.5834132918149564,-0.20721019157355838,3
1.6486190839651005,1.9508730427174412,3
1.5674281727005182,-1.0911367588259078,3
-0.7085017511123224,-0.82297164305218,4
-0.60747590409524,-1.5582249237880639,3
-2.1751278049831786,-1.2628504427204237,4
3.5354554141093284,-0.2697495527433753,1
-0.35163547293451586,1.965988789337682,1
-1.7426617369967032,0.5132563155098901,3
-0.3724577050966155,0.6071640943679711,4
-2.0835997787855463,0.10216397289035276,4
-0.8895134306214957,-1.472831686532589,1
0.9214783450576933,-1.595314046485158,1
-0.13190552909805972,0.9907795412025486,1
0.8122933160751636,-1.920467706950364,4
5.250209433356477,0.9267813994914348,4
4.275296692371139,2.638408163650728,1
2.715507410508945,2.7439407836770835,4
-0.17212936445853963,1.3631609636968056,2
-2.8400083468514525,-0.11079820597495012,3
-1.143737076187132,1.3034586699325506,1
0.4126645123170673,1.9203012422210253,2
-1.2099697338711657,0.653638987999979,1
-2.9211301048103886,-0.2510044061040934,2
-2.177238274042235,-1.2450684297745043,1
0.21553970630851765,-0.7299289257102347,4
-0.8120500403880305,1.0161074265223422,1
-0.2579544699849546,1.3637526009863197,4
-1.934241471775444,-0.5820367897186353,1
-1.301854995978741,-0.6904246947354195,3
-1.5320041024600064,0.8738753985074375,1
5.182268763532713,-0.05634003038684604,3
-1.4305132047642906,-0.9440356405927741,3
-0.5311107767884734,1.176971249899165,4
-1.4920806743448392,0.14873074308265943,2
-1.4953658569125297,0.39266582339028566,3
0.3491542133982962,-0.0924409033381908,3
2.177748260741057,-2.2816341940427716,4
2.153589825949925,1.1004656587305253,4
-2.0263727319025593,0.6732280939895692,1
1.1563897429491736,-0.8085059001233891,2
1.8634165514428174,0.6966956459289622,1
-1.894874673335944,1.4412427462250095,2
-1.7402382432685153,0.8356331040170701,4
-0.014948482014280494,1.7387617240552964,4
-0.1963091503467848,1.6335384366726085,1
-1.90269650763128,-0.14768718888651577,3
2.136894236997482,-0.6849622209816187,2
-0.8184827268325947,-0.4486111650399035,1
-1.3667835710045373,0.33948785160509026,3
4.577105842695953,1.321048688943916,2
0.11187613814369739,1.9558448343988586,3
-1.6644639523816764,0.21385578552214748,3
-1.3245556175204478,0.07263114620071091,2
-1.2010203621272144,-0.5453470816236673,1
1.56576360337052,-1.515035950842984,1
-1.5104370309699997,1.0501444931483337,3
0.7837737017667712,-1.9413785528135736,4
-1.0092309823496517,2.5637833399833494,3
-2.944547467198894,-0.1292739372775237,3
1.3874586182233928,-1.0799826768738452,3
2.423513067877076,1.313206166160242,2
3.3920463429499006,0.45795953261221034,1
-2.003429421860684,0.02964340937561029,3
-1.3769507011877915,0.5221186598400528,2
2.1852660430174025,-2.789505168943751,2
-2.796998315276443,-0.23951299180895372,3
-2.9382038313462786,0.16744378790156444,1
-3.04418486717705,-0.4729282078274096,2
0.16065066524055133,1.8417443346387123,3
0.1276624259160068,-0.6406805471239695,3
-1.7094594793639164,-1.2459633399789234,3
-0.7682605760022188,0.7853684943109044,3
-1.2624278375648212,1.0528229892942085,2
-0.2749215702897869,0.882854549837749,3
-2.619204300565348,0.8834048032083233,1
-3.0024967142905314,0.11003894141844199,3
-1.3891512296300348,-0.7665668297405658,1
-0.7210629392631865,0.9055121106575066,1
-2.275383971614646,-1.0205553257980327,2
-0.2287574541868803,-1.5811703860890944,2
-1.3657222392186497,1.2140715770741866,3
-0.4547086870598746,0.7952333780328288,4
4.310678499589865,0.9275794922117822,4
-0.5350723325844066,-0.421219909993205,1
5.721421912709789,-1.427363148903206,1
-0.4723747632753255,1.4354798185504292,2
3.7078928771161292,1.7556951600979251,2
0.8939515983296128,-0.34905779499053036,2
-1.994937307502224,-1.14280370454598,3
-1.1516528037724993,0.7393456794630141,1
1.5731220707213385,-1.4577322991808894,3
-0.6401416785194846,-1.748793563947048,3
6.093265093575206,-0.6579737123890679,4
0.3695357579361385,-2.667639425714386,3
-2.063636915539955,1.3264983883953996,2
0.5066129693278425,-1.617825092590246,4
0.11290334820324636,-1.1075386038867203,1
-1.2615898538180783,-0.13775407402588258,2
-1.1097653941535361,0.3904907375394231,4
4.022664119895978,-1.4992490656452004,4
0.022038490679861616,-0.7471383060935465,1
1.9041329933236493,-2.121089181903243,3
3.834534714763538,-0.6210589299243889,4
-2.9425795321503285,-0.9926090599961237,1
-1.1165107576759759,0.5362154830180735,4
1.885991188542485,-0.8449091123230476,2
-1.286664902748301,-0.79812742617226,3
-0.4978724322093342,-0.1408754905920082,2
-1.6738533259112198,0.5224835595093431,4
1.921428449665351,0.8876727923649553,3
-2.58686895734417,1.122125860445827,3
-0.9578745270171319,0.45251850641005903,1
1.123566317920532,-1.66625147996343,1
-0.4504233493226318,0.7696360142077511,3
-2.260135253668892,-0.1795339629768625,1
-0.21479827531653117,0.7223723089806576,2
-2.699317572181285,0.34409630440232125,1
4.591932859355746,-0.4587018663383526,4
-0.754046787855821,0.5121676425631396,2
-0.7230150750363311,0.4464920528425693,1
0.21772063331316469,0.9041979727176667,1
-2.672883943385632,0.28998749713059724,4
6.906288038592427,0.354995571178384,4
-0.9962884097945902,1.926486601425711,4
-3.0787820624531324,-0.49451649997994734,4
1.4329868253895721,-1.3010716890935452,2
-1.1026155932662822,0.22311130003620228,2
-1.0597706689311086,2.0843264723614343,3
-0.49959104376748115,-1.6826462952626762,1
-0.6752199495946235,0.39724056671603575,3
1.331923995239394,-0.6047479603269895,3
-0.7844785530998296,-0.33922113653517866,4
2.064959100757212,3.934478194663424,3
-2.2578768388690222,-0.5851020440427536,3
-1.0228776035099805,1.1573158430404515,1
1.658118568773736,4.251867324211316,4
0.9234973768262044,-1.7629649101997313,3
0.1975802726092914,-0.9965905866188666,3
-0.8672150226222657,-0.25036012217094067,1
-0.9230344897852959,0.902174587848843,2
-2.678061700863726,-0.1396337504849445,4
3.989611017767928,0.43949613814562183,1
-2.7804447664548966,-0.4430846838811574,2
-2.2622360532591057,-1.2684459321179473,3
6.198451793044398,-1.1028408920656965,3
-1.7816242821903374,0.3495651345875325,4
4.464655375516264,-0.005668906675556522,4
-1.7442091454544086,-0.993090946724644,2
0.4584635465967448,-0.16186664816185667,1
0.7263160248024917,-0.9708414004414221,1
-0.7994626724146768,1.311593374858506,1
-0.991376921465089,1.9545028124165893,3
0.3162846574201012,-1.1482136377938363,4
-0.11748517399533362,-0.07026152328307023,1
1.0664087308334864,-0.6371100175283284,1
-0.8183308700432803,-1.6485341964366633,1
2.182049487818652,-1.7404091651327063,1
-1.5730862338887928,-0.6322886890750448,1
-2.5569197332543396,-1.0572307256218363,4
-3.452848191377963,-0.7004381085119528,4
2.568114688940715,3.401258337301085,3
0.200792605666247,-1.4805991214791723,3
4.632386631179552,-2.6179274612681143,3
1.5205024752294494,-1.8795668736789668,3
-0.8395302763900474,0.7581935756696089,3
0.11222755053669364,-0.7559354719977767,3
0.953934355924794,-1.3513991420405387,4
-0.16820098513179424,0.4659817973558089,3
1.9700565759127964,0.6859942283929891,1
-0.09171755032213508,-1.3567304840337977,2
0.5136917544596542,1.857533177531492,4
0.5289092510501898,0.7866865163015648,4
1.7196527903366057,2.3337158465534737,4
-1.0700596784964747,1.0249509428063743,4
-1.8738771602770263,-1.3667299651530618,4
-2.043149251255345,0.8324890372517677,3
-2.052809370583766,-0.3395348347142279,4
-1.562502030893894,0.36858715600468345,1
-0.7529480902017099,1.1566499923217526,3
-0.3832057143301267,1.341010840302119,1
-0.5783789467688586,-1.8664354022966716,3
-0.8876072156268972,0.6251576758109054,2
2.101564290817091,2.655528219029828,2
3.5610025757950843,0.5664793522514041,1
-2.4771453962389987,-1.193424753106883,3
1.235851734289313,-1.754828807639005,2
-1.170332593025275,-0.16980945249430304,2
4.284848821204026,-0.6211049502552343,3
-1.3117436348694214,-0.23114992823445657,3
-0.3392838793214006,0.9423662178154159,1
4.479450572028956,1.7548468778453716,3
3.709742308731371,-1.2478488773009264,3
1.1770297616019942,-1.5104125754817197,4
1.7822090894373777,-0.38395462446765,4
-0.47435349426621853,-1.0073404778937045,2
-0.885253076263294,-0.22872438093854947,4
-0.1293646935056099,-0.9473425474345017,2
-0.7986728085416838,0.31525355984803,4
-0.7663896342573449,1.2591571523228056,1
-1.4910515192056313,-0.8820181403229027,2
2.1906456514466486,3.675194563376533,2
2.1391244630141286,2.2843687141886475,3
-0.15238298682553628,1.7537896237263677,3
-2.7870525389316234,-1.2680166963197244,1
-0.7306281259580512,-0.519759796631215,4
-0.8996602493157583,1.5415245199124568,3
-1.2535823890641036,0.5297879611425979,4
-2.075262624966276,-1.204623615355719,3
-2.2597584975910094,1.8173917839107234,3
0.32912714509426816,1.6943282560691877,4
1.078496245727898,-1.038405724825062,3
-2.8868050185407776,0.34466511307637404,2
-0.6191465627891135,-2.296996016160179,4
-0.8884366873644345,1.7354983219609779,2
1.787953329181434,-2.6696175936716173,4
0.5190528860141391,3.113973258417495,4
1.125279050066723,-2.856347916419145,2
-0.3245665258772877,0.1512023252970403,4
0.5716472884672902,-2.4252788411104316,4
-2.495572516635898,-0.660824325348853,4
1.4237837347235507,-0.5264907956903574,4
-1.1372322986467926,-0.7799787807959155,4
1.6986933341800798,-1.6061677599398902,4
-1.7208722404022616,-0.7509676246836775,3
1.9257695317260688,-1.2022617327719627,3
-1.3338652068316306,1.240556357274576,3
1.3789392128469555,-0.9642678709099601,4
4.504611918583678,-1.8463715267094811,3
-3.164443816999324,-0.8484747187032746,3
4.966568282878854,0.16794502403544187,3
-2.2146590751569986,-0.798551920056068,3
3.9244605972994355,-0.38664603262200425,2
-1.363536800817409,0.4043491001910036,3
-1.624355193648077,-0.18268976997544367,3
-0.6621397095356951,1.2740659312398042,2
-1.0005051664030917,1.215882843009927,1
-1.9718013260876741,-1.2767773824871629,1
1.4046475186979743,0.521600605455697,2
0.6555363466697067,-0.38787804018224403,3
-1.1835000794019221,-1.4866384189886328,4
-1.3472913717270316,2.477481832183041,2
1.0658813828993599,1.0203101182665104,4
-0.3323854684273903,1.579804344379016,1
-1.6631448164150888,1.405119246667386,2
-2.504069218158888,-1.1824060310936233,2
-0.8699278647646543,-0.9075922769227617,4
0.9630857022356634,-1.2864666008879626,4
-0.2842369960474073,0.7417992431320941,3
5.192263776428145,-0.6535731974683541,2
-0.006411745002247713,1.4208901584632114,3
-0.3642203567224015,-1.1904133107810557,1
-2.3619890962600105,-0.9617162954192242,4
-1.8117941852169162,0.5034135845070269,4
-1.02991501309361,0.15487398803113114,3
-1.7085531275509744,-0.9829629973439529,4
-2.178498413659371,-0.8376835255904861,2
-1.0975389413416927,1.4694123304802047,3
0.5616507402334041,-0.8811232264765175,1
-1.8302009723812924,-0.33165146095994574,4
0.6270464778938251,0.35524117962115986,2
-0.4755697682362711,1.228785820629311,4
-1.1180597283912554,1.286645089700055,1
-1.3534328142140737,-0.025905189943139756,2
-0.9929122892802635,1.4102981473649103,3
-2.893102781782281,-0.09471856914206751,1
-0.5871010016138599,-0.20824282079619535,3
-0.5076830873890911,-0.9849453071795417,2
-1.052061497762364,1.4385235630256636,4
-2.046353731969014,1.9736292510837734,3
-1.161629651318371,0.7998595009638246,2
2.6171456840610907,5.067821294476731,1
0.20365512598604865,-0.44644098315525765,2
-1.3584606425620964,-0.1491237052130495,1
1.3529522412687904,-1.7764521093356964,3
1.8095435567129334,3.2920717059289757,3
0.010414631455571173,-1.554435085265709,4
-1.151668126978902,0.443898402387105,4
-3.174866773061479,-1.1315518858398255,2
-1.34091590368993,-0.7458235440567967,3
-3.310407238654458,-0.7211365902173607,1
1.023434124064291,-1.6615794534547927,4
0.8397353597412168,2.1015137433536193,3
-1.1773590934192764,-0.4093486599491006,2
2.348092706167609,3.856072075268446,4
1.9621098198682214,0.5730247736778268,1
-1.2786293608018908,-0.32290095669757457,2
0.28169965777085326,-0.23512920611019084,2
0.8942540115192998,-1.5801351757316118,4
0.6167905208896823,-0.7184028179096226,1
-1.9255232347004103,-0.9538276886300266,4
0.2084511420223029,1.5897843026096303,3
-0.6039523698239919,1.8962428541660632,2
-1.5356361726429502,0.5599654702087726,1
-1.3705626145216752,2.095352801230691,1
0.35823711606691816,-0.6451267755501273,4
0.7417240639186718,-0.8689533581150498,2
-0.44178505015923303,0.3107981746695437,1
-0.10883019125025342,-0.7645199713920049,1
-1.1820697474713084,0.3903178020422195,4
-1.540053739126636,0.722326767448588,3
-0.7363868653524452,1.0173233761942535,2
4.184664010865231,-2.292476909204016,3
0.19419302775164277,1.2560961465485363,3
-1.9825816005539174,-1.2383581182587922,2
1.2310161706656,-0.19530417703954706,2
-0.38250266671231936,0.9843207303626047,4
0.8277024695417021,-1.5966781174359759,3
6.518269574924592,0.19507625199192302,2
-1.4412857467956226,-0.864665801186306,3
5.1061073267758985,-0.4684367942348793,2
0.7939599247311536,-0.7866717301797008,1
0.5910351123404675,1.3296813418484563,4
-0.2167254624644726,0.8097023186711872,1
-2.1531906692455367,-0.5618378854524296,1
-0.2859945728332164,0.6232746053953769,4
-1.4114370236154186,-0.8430416616826226,4
1.9981637341796485,2.999917242992233,3
-3.482468764963249,-0.6486663255346385,3
-2.5873337511146497,0.22152264427698098,1
-2.1679517705554803,0.00397452147987256,1
1.063403883890883,-0.3074523985710303,3
-1.084590990692568,1.9034949606128737,2
0.8769654214924777,-0.9558541347638599,4
-2.0218624475022406,-1.0429101907098888,4
0.1764677497207409,-2.9122979780876395,4
-1.8755310709081636,2.201688795787513,4
-0.7298240753214804,-0.028873429187106423,3
-1.5022358607378719,0.9906066285320447,3
1.6278035173244285,-0.14717713285776,4
-2.126669410159154,-1.03253596534773,4
-0.6119643424352244,0.716583439436627,3
-2.036440900447326,1.4768876263182427,3
-0.7180516002651636,1.6604762697639004,2
4.501925845558019,-0.7352902256952096,1
0.24971131228740154,-2.6966598370807326,3
-2.920460668720846,-0.3344440468519659,2
5.445191035391608,0.49532222855421326,3
6.21369841019353,0.201710876243427,2
-3.010857770494632,-0.6048816723949172,4
1.3007652964440535,0.8216902674477378,2
-0.5520542612307004,-1.5681082402619,1
-0.930416721435636,1.4891490362890019,4
-0.1555358220711183,2.111760224890972,4
-2.821550337913364,-0.04677274972343844,2
-3.010499740997394,0.0206852823189584,4
-3.36496751838421,-0.7512561976960279,2
0.6776265174256695,-1.2843893806999804,3
-0.3807043861425426,-0.8836481743420272,3
-0.2289041807446261,1.1390837820404256,4
-1.8028680205758931,-0.03474612265973079,1
-0.334443019535424,1.0624667975539805,1
-1.4748278667757444,-0.19209523012289173,2
0.9695855451191843,-1.0779447319313364,4
-0.5470567007961428,-0.8142013028373281,4
5.1351511025447865,-1.111452903764276,1
-2.911539255268511,-0.35223225874878283,3
-0.22540948890250076,-1.458765507089845,3
5.1516780992547595,-0.8029552381951649,4
-0.8303714759294952,1.0260690084083708,1
-1.8147579569867607,-0.38202210029092365,1
-1.5421475507958204,0.6406637967977364,4
-0.6831992337385715,0.19859185746404245,2
-0.06561539828886677,0.800276781442101,2
2.7061180740563975,1.244523227341691,1
-0.8106647802761697,0.11389709925930352,4
-1.0757696418073703,0.5721881685083519,4
-1.7736788579997285,1.0836544057245439,3
-0.3543417428795708,-2.5939468186964048,4
-0.45193475603962185,1.387399928222021,3
0.1742668629237262,-1.0064750806504568,3
-0.17873292313781666,-1.3158435344805246,4
-3.004538383543037,-0.2861605933320593,1
-0.6212323959057268,1.330334994783353,3
-1.8148220004536337,-0.621413399566886,2
2.065149092243196,-2.149532383258639,4
-1.2386852151647414,0.9120355659253672,3
1.0511552724876927,0.9189418163450291,2
-0.9616189110106275,2.6541291020140396,1
0.43726678257070917,-1.0467735776693656,1
1.5489847942564259,-1.6070971969940726,2
1.9314337582724215,4.044441639090541,4
-1.9924268351496126,-0.25539593290143353,3
-1.2485154185039407,0.2487200626550574,4
3.0782751917586184,2.191105514068179,4
-1.095845002780414,1.6050357020759758,4
-2.8803448117164514,-0.17979370686740948,2
-0.803493371562006,-0.034693564910893246,1
-1.8076387654747401,-1.1441525398383938,3
-1.8277955060822098,-0.9440560285444184,1
-1.6142382287112356,-0.33119813940270215,2
1.0391401348536848,-0.576385234926961,4
0.3015919801302685,0.23995735070456345,3
-0.45970096596318905,-2.321931623448844,1
-1.3526783056003644,-0.6645235455527412,1
-0.8963747008702984,0.8143567336106753,4
0.7928611851976511,-2.436238517706724,1
-2.06273350702203,0.1833182773994341,4
-1.5872335190873714,1.3584060908268485,1
0.6708780264023688,-0.9718531465751734,4
-0.4735320899187229,-1.7229557131317046,4
-1.3156442175349248,2.3058969556469506,4
0.3390898850670854,-1.1537606174400623,4
0.6681700173519448,2.628172514406932,1
-0.41425084432685116,0.6392060508366164,3
0.3610386622838942,-1.415921457507799,3
1.4040972552392577,-0.7936046556918487,3
-1.37384145651826,-0.15658574093809263,2
4.540439781360941,2.820576038606342,2
-3.006002998018532,-0.3840505231183001,4
4.3169041838469715,-1.5788546066117508,1
1.8693005624930379,-1.7450189918996102,3
1.748591252579524,-0.4194734857662364,3
-0.18570144032660849,1.6747252176354293,1
-1.694532774521341,-0.7742504631643563,3
-2.06554511729473,-1.4750207801312893,4
1.2057201879843902,-1.4028140541085037,3
1.5799791876450877,-1.3820029819503015,2
-2.301846597068957,0.1968515456899241,2
-0.14438569610950797,-2.0522924771710525,2
-2.224187183865155,0.2227328481899657,3
4.4463575996017175,-1.9785362407978886,3
-2.7301275298487484,0.009455226532771463,3
2.073107914270761,-2.1412027745553317,2
-2.182981424935084,-0.7285573049953856,3
0.6414888511208584,-0.5214324405783568,3
-0.5883598468326274,1.2953910444862817,1
-1.305273888014895,0.48116309523000045,4
2.695711464520914,-1.3003330258490302,2
-1.6201240804212296,1.1140557700005127,3
-2.361913793379935,-1.0867041914805897,3
0.24913897709893199,-1.0876936850023096,3
0.14588003826078866,-1.6081818769899037,4
-1.4668889945392747,-0.7372584891419676,2
-1.9926207130909084,2.0207065916323286,4
-1.9633994076867434,-0.611453045801744,2
0.44523395273624017,-0.18239441227340844,4
3.6790409590435886,-1.5710971502308568,3
2.267691933379958,-1.1754126608934936,4
3.0329501289574528,-1.5202359795721823,4
-1.3873890599855179,-0.8863647291927867,3
0.06679177160428434,0.40561648329456595,4
-1.3597960474986004,0.9520587604123055,4
-2.684832126550787,-1.2561374435744146,1
1.9416762610581146,2.270862534233609,4
-3.014547626194065,-0.5669427936598989,1
0.783885441517477,-0.6679030846226428,4
-0.545087614278554,1.4857822882279814,2
2.0537698545721286,-0.7315173064219878,3
-1.6485159520822452,1.2588059171229706,4
5.081500409508206,0.3196711370822314,3
1.5686026301581535,-0.36118008664547635,3
3.31366017687031,-0.6471910361241642,2
0.2773686404933538,-1.0466065505165676,3
2.705891329411352,-3.0896012241174704,4
0.11248089017672096,0.42154496192643465,2
-2.03776796870465,-0.5444715511971562,1
0.2757404716141277,0.15560096861438844,4
0.6140788537552353,-1.2597390464285954,4
-0.034220556766823375,2.3798011917043027,3
-0.8214645178699864,1.14821599188616,4
-0.6600850725137404,1.7979395983860182,3
-1.481728644179092,0.31192631110788827,3
-0.48580660913974616,0.4177463374738112,3
-0.7515384119326789,0.7309816609360248,3
-1.7406283530011388,-0.4255303224321857,4
-1.197514603378065,0.16933398095136135,2
-1.5836998519752157,-0.9199378271129734,1
0.7380861410353908,2.0568270348749493,1
3.595158234299296,-1.732494724074276,4
0.14907983767596183,-1.0573427189696059,1
-2.3258455850570536,-0.5171374463355194,3
-0.7679438627687001,0.48335633811459316,4
0.8334957044393306,-0.36866336115840576,1
-1.2173146953782563,-0.30673050199728596,2
1.018508318167083,0.04293399497338065,2
-1.2206024368513966,-0.06560834300578464,3
