,Age,DailyRate,DistanceFromHome,Education,EmployeeNumber,EnvironmentSatisfaction,HourlyRate,JobInvolvement,JobLevel,MonthlyIncome,MonthlyRate,NumCompaniesWorked,PercentSalaryHike,PerformanceRating,RelationshipSatisfaction,StockOptionLevel,TotalWorkingYears,TrainingTimesLastYear,WorkLifeBalance,YearsAtCompany,YearsInCurrentRole,YearsSinceLastPromotion,YearsWithCurrManager,Attrition_Yes,BusinessTravel_Travel_Frequently,BusinessTravel_Travel_Rarely,Department_Research & Development,Department_Sales,EducationField_Life Sciences,EducationField_Marketing,EducationField_Medical,EducationField_Other,EducationField_Technical Degree,Gender_Male,JobRole_Human Resources,JobRole_Laboratory Technician,JobRole_Manager,JobRole_Manufacturing Director,JobRole_Research Director,JobRole_Research Scientist,JobRole_Sales Executive,JobRole_Sales Representative,MaritalStatus_Married,MaritalStatus_Single,OverTime_Yes,JobSatisfaction
Age,1.0,0.010660942645538199,-0.0016861201480870476,0.2080337310142398,-0.010145467076855695,0.010146427861437208,0.02428654255096732,0.02981995862959044,0.5096042284323842,0.4978545669265801,0.028051167133922764,0.29963475798369227,0.003633584914861789,0.0019038955127585484,0.0535347196712289,0.037509712424777755,0.6803805357911974,-0.019620818942698348,-0.02149002795709854,0.3113087697450988,0.21290105556556813,0.21651336785165326,0.20208860237515192,-0.15920500686577946,-0.02474312708471451,0.028791215219339156,0.017882960258384727,-0.027548733210149647,0.016823698044466734,0.03816196486339396,-0.006354488425489509,-0.04146568130501151,-0.027604387841072123,-0.0363105501157935,-0.02985636364919198,-0.14317552140370265,0.2942477542781271,0.04972634154449514,0.1858910882390938,-0.14651767985521644,-0.0020014187410554063,-0.17578530885734117,0.08391921035720268,-0.11918517392368957,0.028062357084124138,-0.004891877148687355
DailyRate,0.010660942645538199,1.0,-0.004985337352552696,-0.016806433209157673,-0.05099043365447818,0.01835485430038545,0.02338142152832031,0.04613487399781108,0.002966334855111661,0.007707058872006042,-0.03218160152258175,0.038153434279409745,0.02270367749633485,0.0004732963271885329,0.007846030957248375,0.04214279637720668,0.014514738706320885,0.002452542712083219,-0.03784805100578179,-0.03405476756854752,0.009932014960094243,-0.033228984787772094,-0.026363178228837676,-0.05665199186762926,-0.011775607652048901,0.002078073032131607,0.014870633796994461,-0.0036156827124136735,0.0040279302327044615,-0.06444912439766752,0.03420162786678699,-0.0038933921698090707,0.0308688651581144,-0.011716137907748257,-0.02115577202383157,-0.006727580803089113,-0.013223882230405664,-0.005302011701421492,-2.1240953007292185e-05,-0.0026242309952555476,-0.0005128889207940898,0.0053753838512121425,0.04003469615085698,-0.07583515247022114,0.009134969901135045,0.030571007837144015
DistanceFromHome,-0.0016861201480870476,-0.004985337352552696,1.0,0.021041825624123406,0.032916407199244005,-0.01607532699649349,0.031130585611765915,0.008783279886444314,0.0053027305544961255,-0.01701444474527591,0.02747286354888411,-0.029250804197292923,0.040235377459193054,0.027109618481976072,0.0065574746465788016,0.04487199885318157,0.004628425863783821,-0.03694223433991598,-0.02655600410656911,0.009507719899011294,0.01884499910894578,0.010028835943115374,0.014406048430629995,0.07792358295570385,0.0050814093418117216,-0.02011632548625083,-0.008117374649491456,0.014084535596212278,-0.024499294485138223,0.03929423857835709,0.01348637696425742,-0.007968536459388796,-0.014801845738549953,-0.0018505279911258026,-0.024089074840624825,0.012368885752500452,-0.03918960706338816,0.011847605945529052,-0.02235060000714769,-0.01098565072939938,0.03076098721983702,-0.01599418292826937,0.03023206947989169,-0.02744525929522231,0.02551363494994626,-0.0036688391677205875
Education,0.2080337310142398,-0.016806433209157673,0.021041825624123406,1.0,0.04207009302932845,-0.027128313256511653,0.01677482888096086,0.042437634318608065,0.10158888624850047,0.09496067704188875,-0.026084197160047572,0.12631656017668455,-0.011110940860654214,-0.02453879116483373,-0.009118376696381537,0.018422220204016886,0.14827969653887288,-0.025100241137933427,0.00981918930978193,0.06911369603133857,0.06023555412069578,0.054254333591320425,0.0690653782552844,-0.03137281964004933,-0.00829204774572623,0.004125952113220332,-0.018603599840564214,0.014215146533267256,0.013184428027973906,0.07240543447949677,-0.072334759797477,0.038043114607048754,-0.02674187362206828,-0.01654682744388556,-0.005295146709171291,-0.06356602764249294,0.028453047508583035,-0.00529046706181117,0.049694071858589504,0.0007092033696276165,0.05339807145288601,-0.09146520801149523,-0.0018652925069997648,0.004167542666458837,-0.0203217673957037,-0.011296116736574012
EmployeeNumber,-0.010145467076855695,-0.05099043365447818,0.032916407199244005,0.04207009302932845,1.0,0.01762080248558802,0.03517921241871113,-0.006887922987035364,-0.018519193974228076,-0.01482851587378479,0.01264822916845945,-0.001251032039801581,-0.012943995546151003,-0.020358825146957603,-0.06986141146763682,0.06222669251362314,-0.014365198461300433,0.02360316959192498,0.010308641437966688,-0.01124046370811404,-0.008416311998425838,-0.009019064206633735,-0.009196645292770438,-0.010577242759242787,-0.007979785667204786,-0.007976351722701665,-0.041922634191406495,0.015441199702021905,-0.0006093985012126233,-0.014487070458496534,-0.008688568469064083,0.010431991527372767,0.005937790887597264,0.02255605138250224,0.06728663783119404,-0.019721725745617275,-0.03505793333150188,-0.014350317872215412,-0.013983108892343327,-0.017686422168970452,0.023263414787013086,0.0062547278312446684,0.053933218618890486,-0.03518943892717842,-0.024037286786365377,-0.04624673493941787
EnvironmentSatisfaction,0.010146427861437208,0.01835485430038545,-0.01607532699649349,-0.027128313256511653,0.01762080248558802,1.0,-0.04985695620300041,-0.008277598171759161,0.0012116994489139673,-0.006259087754780197,0.037599622865715374,0.012594323218943302,-0.031701195241792,-0.029547952297680962,0.00766538354107445,0.003432157755057514,-0.002693070388534143,-0.019359308347132422,0.02762729546011551,0.0014575491911165176,0.018007460142878618,0.01619360556845342,-0.004998722628107491,-0.10336897833793629,-0.012624212515110148,0.008495654681588836,0.027976126603615478,-0.025606044861713074,-0.024525660048365053,0.0004786133576156082,-0.021298678881480834,0.06460159604189174,0.027713408643037694,0.0005083138899311474,-0.022014028333158315,-0.0015329215134445642,0.010729647255769258,0.0591775597524683,-0.04868921808600703,0.0019403931247544972,-0.0244213742362322,0.0029486023460434676,-0.022180172946198062,0.00903549101737541,0.07013172677409496,-0.0067843525990750695
HourlyRate,0.02428654255096732,0.02338142152832031,0.031130585611765915,0.01677482888096086,0.03517921241871113,-0.04985695620300041,1.0,0.04286064097152987,-0.027853486405547134,-0.01579430438089287,-0.015296749550649667,0.022156883390196763,-0.009061986253740086,-0.0021716974278102844,0.0013304527859505958,0.050263399065119826,-0.002333681823322231,-0.008547685209270628,-0.00460723375026443,-0.019581616209121248,-0.024106220208784952,-0.026715586064335325,-0.020123200184066034,-0.00684554957213978,-0.018818701534842188,0.027541324194855926,0.01868649632908876,-0.012047228858262796,0.0387590560304295,0.0044518153133223815,-0.02041796668663016,-0.04216297417950933,0.011283335437401397,-0.0004782970511301908,-0.016189351078115158,0.01802842820084187,0.012659370040804458,-0.014393904502386241,-0.025128455154375555,0.02003367861988928,-0.01188619630082922,-0.018703398465039125,0.03643232176051611,-0.03343595752677263,-0.007781974360999907,-0.07133462437378822
JobInvolvement,0.02981995862959044,0.04613487399781108,0.008783279886444314,0.042437634318608065,-0.006887922987035364,-0.008277598171759161,0.04286064097152987,1.0,-0.012629882671190609,-0.015271490778732815,-0.01632207905331712,0.01501241324311089,-0.017204572244480344,-0.029071333439069886,0.03429682061119759,0.021522640378023965,-0.005533182057407434,-0.015337825759429003,-0.01461659316276182,-0.021355426979629735,0.008716963497611656,-0.024184292365178883,0.02597580794908885,-0.13001595678605313,0.004423606032637327,0.0267135327510275,0.023187111256384473,-0.026106586649908732,0.0032275329669907336,-0.01865734124911227,0.017102529603953916,-0.011894659955987192,-0.004519417183491136,0.017959755383917267,-0.004951807395748499,-0.022723562228166395,0.017112423408461763,-0.02193857148475829,0.015199933456761164,0.04760447099571142,-0.011413129955688264,-0.027281699678110356,0.028324424347787366,-0.04525328672176582,-0.0035067105694043367,-0.021475910335306596
JobLevel,0.5096042284323842,0.002966334855111661,0.0053027305544961255,0.10158888624850047,-0.018519193974228076,0.0012116994489139673,-0.027853486405547134,-0.012629882671190609,1.0,0.9502999134798467,0.039562951045683845,0.14250112381048696,-0.034730492279418296,-0.021222082108857156,0.021641510532591557,0.013983910528615444,0.7822078045362746,-0.018190550193549333,0.03781774559666629,0.5347386873756316,0.3894467328766708,0.35388534696410234,0.37528060776572614,-0.16910475093102767,-0.02155726833404979,0.023433289849134713,-0.10782968451626881,0.11430683928872645,-0.008431405279722621,0.09269847318984958,-0.014114341567807373,-0.016724486305691233,-0.0547066029929641,-0.039403102676133575,-0.10092231076655381,-0.34460816240739695,0.5527441162379678,0.11489586431701278,0.4143185480352166,-0.3877883387228323,0.12748998159288324,-0.21655936441039186,0.05054707479845006,-0.0870716339004345,0.0005440477748809546,-0.0019437080267456764
MonthlyIncome,0.4978545669265801,0.007707058872006042,-0.01701444474527591,0.09496067704188875,-0.01482851587378479,-0.006259087754780197,-0.01579430438089287,-0.015271490778732815,0.9502999134798467,1.0,0.03481362613412184,0.14951521598969802,-0.027268586440314543,-0.01712013823739077,0.02587343613755754,0.005407676696812223,0.7728932462543578,-0.02173627682389331,0.030683081556940495,0.514284825733197,0.3638176669287095,0.34497763816542815,0.3440788832587217,-0.15983958238498902,-0.03165792170842711,0.0387791389331939,-0.06472045224800856,0.06397751976550556,-0.007054332518285353,0.06257560065082803,0.0010253225219747808,-0.022278709476425667,-0.049695118045085376,-0.03185849179665441,-0.09224973083989813,-0.3209057988931377,0.6195731123190031,0.05568392518199041,0.4858184346322927,-0.3451800266291884,0.047791633023389485,-0.20151353520068907,0.05676739273840361,-0.08936135373925386,0.006089285402589957,-0.0071567423559126524
MonthlyRate,0.028051167133922764,-0.03218160152258175,0.02747286354888411,-0.026084197160047572,0.01264822916845945,0.037599622865715374,-0.015296749550649667,-0.01632207905331712,0.039562951045683845,0.03481362613412184,1.0,0.01752135341557156,-0.006429345946711336,-0.00981142848936073,-0.004085329337519532,-0.034322830206660986,0.026442471176015392,0.0014668806322858002,0.007963157516977,-0.023655106706177195,-0.012814874370471675,0.0015667995146762333,-0.03674590533676929,0.015170212530471438,0.0003443148424970697,-0.010483987234550017,-0.005452981027877229,0.016388267721456844,0.025544609831143438,-0.011558631177456882,-0.0017225692377374935,-0.03560551881897031,-0.00453524044599413,-0.04148220511998847,-0.02747035818015502,-0.016056496412368757,0.03171681830942358,0.007711273442446198,0.025875490982988976,-0.02700835356235387,0.011854275947130972,-0.0011998071286370296,-0.03468878717133199,0.0372598615854403,0.02143114456735346,0.0006439169427038777
NumCompaniesWorked,0.29963475798369227,0.038153434279409745,-0.029250804197292923,0.12631656017668455,-0.001251032039801581,0.012594323218943302,0.022156883390196763,0.01501241324311089,0.14250112381048696,0.14951521598969802,0.01752135341557156,1.0,-0.010238309359925514,-0.014094872753535114,0.052733048564885907,0.0300754750968975,0.23763858978479507,-0.0660540717278364,-0.00836568479005863,-0.11842134024259085,-0.090753933700808,-0.03681389238350814,-0.11031915543773246,0.043493739057813514,-0.0397180313819291,0.0324006064077535,0.02223737398610168,-0.032096894763447646,-0.006130619260812629,-0.01861083357916575,0.02482649851361403,-0.012869705179778876,-0.01381872169905709,-0.03914744956027873,0.02057807072525466,-0.021120991534693923,0.04212457405940667,0.009580496658432906,0.09792521790778111,-0.043981223577246306,0.005913261949418781,-0.10449447297075921,-0.01614207832367683,-0.019160847395579533,-0.020785821366833927,-0.05569942601274579
PercentSalaryHike,0.003633584914861789,0.02270367749633485,0.040235377459193054,-0.011110940860654214,-0.012943995546151003,-0.031701195241792,-0.009061986253740086,-0.017204572244480344,-0.034730492279418296,-0.027268586440314543,-0.006429345946711336,-0.010238309359925514,1.0,0.7735499964012679,-0.040490081057077264,0.007527747820520247,-0.020608487617691355,-0.005221012351720961,-0.0032796360093680335,-0.03599126243195361,-0.0015200265442778195,-0.02215431259886606,-0.01198524847236137,-0.013478202057439156,-0.006674552489725778,-0.01864865126428604,0.030735414126829688,-0.020403155564646624,0.01020948847957437,-0.02772612246573851,0.02911614197003048,0.01929731153313566,-0.04270129365450244,0.0027326475148593088,-0.02103205029315255,-0.020627667383855207,-0.005393648019721378,0.034682123666519765,-0.01701723027030984,0.03253748074943724,-0.046682746432827056,0.03110220956136553,0.020895441076779642,-0.0013858898404772349,-0.005432826650792779,0.02000203936408196
PerformanceRating,0.0019038955127585484,0.0004732963271885329,0.027109618481976072,-0.02453879116483373,-0.020358825146957603,-0.029547952297680962,-0.0021716974278102844,-0.029071333439069886,-0.021222082108857156,-0.01712013823739077,-0.00981142848936073,-0.014094872753535114,0.7735499964012679,1.0,-0.03135145544245484,0.0035064716148097935,0.006743667905953149,-0.01557888173913758,0.0025723613176827117,0.0034351261159237733,0.03498626040719496,0.01789606614479981,0.022827168908479804,0.0028887517110808684,0.01646289244451501,-0.026389634068172005,0.03272042950856494,-0.03104968782929163,0.010853083085793018,-0.02091844411888091,0.01486770579775181,0.011448903196236464,-0.021729280842096715,-0.01385901836168925,-0.01015414067087799,0.010796354957628478,0.03205009888218037,0.029774861119193596,-0.03574376325223125,0.019416217485639705,-0.041401206087743336,-0.006214413066914293,0.009584628101389034,-0.0010453705423778923,0.004369120061651955,0.0022971970637806014
RelationshipSatisfaction,0.0535347196712289,0.007846030957248375,0.0065574746465788016,-0.009118376696381537,-0.06986141146763682,0.00766538354107445,0.0013304527859505958,0.03429682061119759,0.021641510532591557,0.02587343613755754,-0.004085329337519532,0.052733048564885907,-0.040490081057077264,-0.03135145544245484,1.0,-0.04595249071656182,0.024054291821341566,0.002496526392117065,0.019604405703968663,0.0193667868774554,-0.015122914881937715,0.03349250206935415,-0.0008674968446256631,-0.04587227888112667,0.028500440602392332,-0.03864037216127967,-0.004586853578571569,-0.01048863430313718,-0.019972726617503444,-0.006579794873315455,0.030494188596123604,-0.02030522013112105,-0.011043556036348007,0.022868369968027314,0.044168513692099995,-0.010690951795650943,0.02563764875491052,0.0036400458298008957,-0.005492390706152874,-0.003116401245935123,-0.004835674049771472,-0.0248588342537087,-0.04338225121134934,0.04081702595753585,0.04849280287013848,-0.01245359316192679
StockOptionLevel,0.037509712424777755,0.04214279637720668,0.04487199885318157,0.018422220204016886,0.06222669251362314,0.003432157755057514,0.050263399065119826,0.021522640378023965,0.013983910528615444,0.005407676696812223,-0.034322830206660986,0.0300754750968975,0.007527747820520247,0.0035064716148097935,-0.04595249071656182,1.0,0.010135969318901658,0.011274069611249151,0.004128730002871439,0.015058008028094526,0.05081787275393163,0.014352184864355438,0.0246982265630301,-0.13714491893332534,-0.016142113874364237,-0.005302704420638418,0.01692650465420455,-0.01575540816667583,-0.017992829593118768,0.022560075732205354,0.03374975696499583,-0.042099753385910495,-0.024560301191048357,0.012715713764063462,-0.009864498983653842,0.013386178923933607,-0.01563736533916663,0.007734593889713431,0.015806776160171312,-0.01163453231243703,0.01575596139238919,-0.04806749501885104,0.22557423304867139,-0.6389568735215474,-0.00044867072191974975,0.010690226120755817
TotalWorkingYears,0.6803805357911974,0.014514738706320885,0.004628425863783821,0.14827969653887288,-0.014365198461300433,-0.002693070388534143,-0.002333681823322231,-0.005533182057407434,0.7822078045362746,0.7728932462543578,0.026442471176015392,0.23763858978479507,-0.020608487617691355,0.006743667905953149,0.024054291821341566,0.010135969318901658,1.0,-0.03566157127961897,0.0010076456218964342,0.6281331552682459,0.4603646380118098,0.40485775850256045,0.4591883970831449,-0.17106324613622653,-0.012176932557904563,0.030320318410454027,0.011086882601216371,-0.014781439975778724,-0.003630413701786928,0.02577856730899056,0.02489005766175463,-0.028934530280935022,-0.04157655866624536,-0.04688093947778322,-0.07648240560226642,-0.2154255433367907,0.4658367766997881,0.06407710856434307,0.31214771611866493,-0.2281189295732442,-0.012241357558148922,-0.20772613702386583,0.0535121303321657,-0.08952935421357809,0.01275426634193639,-0.0201850726850168
TrainingTimesLastYear,-0.019620818942698348,0.002452542712083219,-0.03694223433991598,-0.025100241137933427,0.02360316959192498,-0.019359308347132422,-0.008547685209270628,-0.015337825759429003,-0.018190550193549333,-0.02173627682389331,0.0014668806322858002,-0.0660540717278364,-0.005221012351720961,-0.01557888173913758,0.002496526392117065,0.011274069611249151,-0.03566157127961897,1.0,0.02807220660362884,0.003568665678427476,-0.0057375043379569125,-0.002066536038005984,-0.004095526021226188,-0.059477798556420595,0.006193101475111666,0.008498390373475944,-0.006818579686405619,0.024688427934508508,-0.03901806815471943,-0.029046413181110873,0.07054182814786315,-0.00815121620199021,0.008289250452134748,-0.03878673547787918,-0.03590157129258819,0.05399842821493846,0.0030520873931295196,-0.013986647262973636,-0.004526890482947506,-0.05212557163071546,0.013241076706121577,0.04037663342136727,-0.02960242079094044,0.0241288382216899,-0.07911337155100975,-0.005779334958609014
WorkLifeBalance,-0.02149002795709854,-0.03784805100578179,-0.02655600410656911,0.00981918930978193,0.010308641437966688,0.02762729546011551,-0.00460723375026443,-0.01461659316276182,0.03781774559666629,0.030683081556940495,0.007963157516977,-0.00836568479005863,-0.0032796360093680335,0.0025723613176827117,0.019604405703968663,0.004128730002871439,0.0010076456218964342,0.02807220660362884,1.0,0.012089185354581294,0.04985649792220436,0.0089412491412343,0.00275944024234045,-0.06393904721740902,0.010199439870303969,-0.01263957247747977,-0.0699215666956585,0.051320466573556656,-0.039728024915180224,0.01850049244802878,0.0016410738540388829,0.03181226719250714,0.021962120536247732,-0.0027526788208191836,0.043886732819352355,-0.028208597988753158,0.005136642326640747,0.002010769459746599,0.034402697317746096,-0.058612637675500706,0.032091524931649455,0.04514762496894144,-0.006387994554427054,0.014921370508689698,-0.027091878472393197,-0.019458710212974014
YearsAtCompany,0.3113087697450988,-0.03405476756854752,0.009507719899011294,0.06911369603133857,-0.01124046370811404,0.0014575491911165176,-0.019581616209121248,-0.021355426979629735,0.5347386873756316,0.514284825733197,-0.023655106706177195,-0.11842134024259085,-0.03599126243195361,0.0034351261159237733,0.0193667868774554,0.015058008028094526,0.6281331552682459,0.003568665678427476,0.012089185354581294,1.0,0.7587537366134626,0.6184088652176063,0.7692124251007021,-0.13439221398997717,0.012991460465029183,-0.01627392793638082,-0.03218130562679187,0.029804897165527675,-0.0020189001056402883,0.03136485904178954,0.01080517087641427,-0.030331042758785665,-0.02139898369214028,-0.02974708593503418,-0.05256865528877004,-0.15018106832844527,0.33096516896105593,0.03196771012453866,0.1539183469189037,-0.1540621022250343,0.0426023162295029,-0.16346437473717199,0.044924691333669865,-0.07093537705465294,-0.011687120468355195,-0.0038026279482880434
YearsInCurrentRole,0.21290105556556813,0.009932014960094243,0.01884499910894578,0.06023555412069578,-0.008416311998425838,0.018007460142878618,-0.024106220208784952,0.008716963497611656,0.3894467328766708,0.3638176669287095,-0.012814874370471675,-0.090753933700808,-0.0015200265442778195,0.03498626040719496,-0.015122914881937715,0.05081787275393163,0.4603646380118098,-0.0057375043379569125,0.04985649792220436,0.7587537366134626,1.0,0.548056247699518,0.7143647616385935,-0.16054500426770132,0.0016797056070953637,-0.009147160646161195,-0.028151286490143514,0.04688268283227404,0.01834320803352507,0.02512600625420989,-0.02641812817827785,-0.01702143914482469,0.009682987939967448,-0.041482728525767815,-0.05787572147652221,-0.13132168883477716,0.16749855700219968,0.06787699698800113,0.13633217639572698,-0.13131431270616306,0.0923491523383577,-0.1497508795577656,0.0654877622464794,-0.08648560212732984,-0.029758008947989564,-0.002304785229830123
YearsSinceLastPromotion,0.21651336785165326,-0.033228984787772094,0.010028835943115374,0.054254333591320425,-0.009019064206633735,0.01619360556845342,-0.026715586064335325,-0.024184292365178883,0.35388534696410234,0.34497763816542815,0.0015667995146762333,-0.03681389238350814,-0.02215431259886606,0.01789606614479981,0.03349250206935415,0.014352184864355438,0.40485775850256045,-0.002066536038005984,0.0089412491412343,0.6184088652176063,0.548056247699518,1.0,0.5102236357788097,-0.033018775142584444,0.02321614637352381,-0.0338773896403437,-0.021497200865201644,0.03411213785752526,-0.0024795234813565514,0.006219279917088033,0.022664540514521814,-0.039931117474092837,0.0038531328843229374,-0.026984577172944398,-0.05460324612349685,-0.11009915993239536,0.2242548711717466,-0.007241256734027405,0.07445451339913053,-0.10523738441437037,0.04920181896500365,-0.08562233194202239,0.05410247338337042,-0.05308957685111872,-0.012238822598887951,-0.018213567810190765
YearsWithCurrManager,0.20208860237515192,-0.026363178228837676,0.014406048430629995,0.0690653782552844,-0.009196645292770438,-0.004998722628107491,-0.020123200184066034,0.02597580794908885,0.37528060776572614,0.3440788832587217,-0.03674590533676929,-0.11031915543773246,-0.01198524847236137,0.022827168908479804,-0.0008674968446256631,0.0246982265630301,0.4591883970831449,-0.004095526021226188,0.00275944024234045,0.7692124251007021,0.7143647616385935,0.5102236357788097,1.0,-0.15619931590162858,0.01262792312677466,-0.022023119780280757,-0.014962746251570467,0.02741495865028699,0.0036356834159275192,0.033418313470900136,-0.011543793880132847,-0.011714372530119718,-0.0008359178985644088,-0.03059890928060248,-0.05100555044298012,-0.107071983825018,0.16469508215870468,0.07620699279771989,0.13127892281218675,-0.1276081159796864,0.0830284141867302,-0.1687433909182348,0.03297192834706002,-0.047792885443822986,-0.041585998653857835,-0.02765621388428991
Attrition_Yes,-0.15920500686577946,-0.05665199186762926,0.07792358295570385,-0.03137281964004933,-0.010577242759242787,-0.10336897833793629,-0.00684554957213978,-0.13001595678605313,-0.16910475093102767,-0.15983958238498902,0.015170212530471438,0.043493739057813514,-0.013478202057439156,0.0028887517110808684,-0.04587227888112667,-0.13714491893332534,-0.17106324613622653,-0.059477798556420595,-0.06393904721740902,-0.13439221398997717,-0.16054500426770132,-0.033018775142584444,-0.15619931590162858,1.0,0.11514276554505062,-0.04953783836694761,-0.08529292757679666,0.0808552021360538,-0.0327031477228971,0.055780665721763614,-0.04699871587806988,-0.01789751683193894,0.06935459476482032,0.029453253175141608,0.03621508206985592,0.09829048545960263,-0.08331638416449753,-0.08299392408134602,-0.08886984174978112,-0.00035957134043657725,0.019774368459259624,0.15723427011479307,-0.09098365120728215,0.17541855360921932,0.24611799424580436,-0.10348112606902123
BusinessTravel_Travel_Frequently,-0.02474312708471451,-0.011775607652048901,0.0050814093418117216,-0.00829204774572623,-0.007979785667204786,-0.012624212515110148,-0.018818701534842188,0.004423606032637327,-0.02155726833404979,-0.03165792170842711,0.0003443148424970697,-0.0397180313819291,-0.006674552489725778,0.01646289244451501,0.028500440602392332,-0.016142113874364237,-0.012176932557904563,0.006193101475111666,0.010199439870303969,0.012991460465029183,0.0016797056070953637,0.02321614637352381,0.01262792312677466,0.11514276554505062,1.0,-0.7530917316140993,0.0033403757431234634,-0.00015959312378872236,0.031127869784586412,-0.01658550321313263,-0.0053672585875545135,-0.011003545648425301,-0.023569063914641617,-0.0220153686553333,0.0018962335115070622,0.010023442547495029,-0.04258267858406284,0.009782838341375,-0.023579029989620172,-0.004460912029783555,-0.010174885520233604,0.05546892352657774,-0.030785181006549894,0.027733911579581168,0.029391745642947366,0.027116918112133175
BusinessTravel_Travel_Rarely,0.028791215219339156,0.002078073032131607,-0.02011632548625083,0.004125952113220332,-0.007976351722701665,0.008495654681588836,0.027541324194855926,0.0267135327510275,0.023433289849134713,0.0387791389331939,-0.010483987234550017,0.0324006064077535,-0.01864865126428604,-0.026389634068172005,-0.03864037216127967,-0.005302704420638418,0.030320318410454027,0.008498390373475944,-0.01263957247747977,-0.01627392793638082,-0.009147160646161195,-0.0338773896403437,-0.022023119780280757,-0.04953783836694761,-0.7530917316140993,1.0,0.00046492516847656233,-0.004718436602848481,-0.030354664862438242,0.03466819894034195,-0.003930283996298007,0.01840610926247411,0.0175212077092931,-0.014681807474915551,0.008961694727111858,-0.014814823377194218,0.02729386748341773,0.0005982600689697359,0.03460048925597852,0.010587650190985447,-0.011920091976733228,-0.02525728868166861,0.05561252910229513,-0.020808076108798767,-0.0005385845544996112,-0.03656192361135516
Department_Research & Development,0.017882960258384727,0.014870633796994461,-0.008117374649491456,-0.018603599840564214,-0.041922634191406495,0.027976126603615478,0.01868649632908876,0.023187111256384473,-0.10782968451626881,-0.06472045224800856,-0.005452981027877229,0.02223737398610168,0.030735414126829688,0.03272042950856494,-0.004586853578571569,0.01692650465420455,0.011086882601216371,-0.006818579686405619,-0.0699215666956585,-0.03218130562679187,-0.028151286490143514,-0.021497200865201644,-0.014962746251570467,-0.08529292757679666,0.0033403757431234634,0.00046492516847656233,1.0,-0.9068182538582101,0.12732137626755743,-0.4785199172723149,0.18354845743526654,0.06475066923212641,0.038540525594057184,0.015760411549126344,-0.2631275724541514,0.3365696939302779,-0.07135571858821983,0.24075386023911238,0.174596201381097,0.36233974790303386,-0.7334974197880672,-0.3361271694733362,-0.019997232449237172,-0.009990011759466788,-0.003035972021499563,-0.0027976357623328623
Department_Sales,-0.027548733210149647,-0.0036156827124136735,0.014084535596212278,0.014215146533267256,0.015441199702021905,-0.025606044861713074,-0.012047228858262796,-0.026106586649908732,0.11430683928872645,0.06397751976550556,0.016388267721456844,-0.032096894763447646,-0.020403155564646624,-0.03104968782929163,-0.01048863430313718,-0.01575540816667583,-0.014781439975778724,0.024688427934508508,0.051320466573556656,0.029804897165527675,0.04688268283227404,0.03411213785752526,0.02741495865028699,0.0808552021360538,-0.00015959312378872236,-0.004718436602848481,-0.9068182538582101,1.0,-0.10179100512104074,0.5276910949204765,-0.16803385014653324,-0.0636952967802393,-0.031308843376138346,-0.03201716224252659,-0.12638077301723735,-0.30520754215144674,0.035247787305221344,-0.2183199951516556,-0.15832702246668282,-0.3285762974968527,0.8088692708459275,0.37066652335595124,0.005378410556396504,0.0330020675407001,0.005863804092724856,0.013498641398039848
EducationField_Life Sciences,0.016823698044466734,0.0040279302327044615,-0.024499294485138223,0.013184428027973906,-0.0006093985012126233,-0.024525660048365053,0.0387590560304295,0.0032275329669907336,-0.008431405279722621,-0.007054332518285353,0.025544609831143438,-0.006130619260812629,0.01020948847957437,0.010853083085793018,-0.019972726617503444,-0.017992829593118768,-0.003630413701786928,-0.03901806815471943,-0.039728024915180224,-0.0020189001056402883,0.01834320803352507,-0.0024795234813565514,0.0036356834159275192,-0.0327031477228971,0.031127869784586412,-0.030354664862438242,0.12732137626755743,-0.10179100512104074,1.0,-0.2916598560826291,-0.5687736139282812,-0.2035596211737447,-0.26305002640681496,0.006770370530853238,-0.06311880332437082,0.044358609349201134,-0.0111434238506405,0.05202341059466447,0.018400829158699093,0.04372944003191988,-0.09112205251383622,-0.043207889241825795,-0.01786604292637189,0.021468786419989394,-0.013787274276141718,0.05200417814820748
EducationField_Marketing,0.03816196486339396,-0.06444912439766752,0.03929423857835709,0.07240543447949677,-0.014487070458496534,0.0004786133576156082,0.0044518153133223815,-0.01865734124911227,0.09269847318984958,0.06257560065082803,-0.011558631177456882,-0.01861083357916575,-0.02772612246573851,-0.02091844411888091,-0.006579794873315455,0.022560075732205354,0.02577856730899056,-0.029046413181110873,0.01850049244802878,0.03136485904178954,0.02512600625420989,0.006219279917088033,0.033418313470900136,0.055780665721763614,-0.01658550321313263,0.03466819894034195,-0.4785199172723149,0.5276910949204765,-0.2916598560826291,1.0,-0.2365141977722409,-0.08464657874723451,-0.10938458544143989,-0.024142833036533244,-0.06669000849036227,-0.1610553020958848,0.0255765886450847,-0.11520551728461023,-0.08354775984094266,-0.17338678619103043,0.4573081079870903,0.1330650552210525,0.018491095674649297,-0.013322545679614774,0.014607038904293875,-0.02352823943958638
EducationField_Medical,-0.006354488425489509,0.03420162786678699,0.01348637696425742,-0.072334759797477,-0.008688568469064083,-0.021298678881480834,-0.02041796668663016,0.017102529603953916,-0.014114341567807373,0.0010253225219747808,-0.0017225692377374935,0.02482649851361403,0.02911614197003048,0.01486770579775181,0.030494188596123604,0.03374975696499583,0.02489005766175463,0.07054182814786315,0.0016410738540388829,0.01080517087641427,-0.02641812817827785,0.022664540514521814,-0.011543793880132847,-0.04699871587806988,-0.0053672585875545135,-0.003930283996298007,0.18354845743526654,-0.16803385014653324,-0.5687736139282812,-0.2365141977722409,1.0,-0.16507153623188303,-0.2133137786091096,-0.013145862183869868,-0.04289495009874678,0.06626230691782349,-0.0011284735196815823,0.03549632104069696,0.06289785226935028,0.03973521506848046,-0.13353175192807107,-0.05199048461862224,-0.007138661296736205,-0.004248603150384553,0.0022457879981175382,-0.022645460408123843
EducationField_Other,-0.04146568130501151,-0.0038933921698090707,-0.007968536459388796,0.038043114607048754,0.010431991527372767,0.06460159604189174,-0.04216297417950933,-0.011894659955987192,-0.016724486305691233,-0.022278709476425667,-0.03560551881897031,-0.012869705179778876,0.01929731153313566,0.011448903196236464,-0.02030522013112105,-0.042099753385910495,-0.028934530280935022,-0.00815121620199021,0.03181226719250714,-0.030331042758785665,-0.01702143914482469,-0.039931117474092837,-0.011714372530119718,-0.01789751683193894,-0.011003545648425301,0.01840610926247411,0.06475066923212641,-0.0636952967802393,-0.2035596211737447,-0.08464657874723451,-0.16507153623188303,1.0,-0.07634333045956936,0.02299197700875595,0.0015937177488246207,0.05875943485695565,-0.00804624331235959,-0.010819978135028024,-0.006044423144233314,0.005286472219574445,-0.03699520795760726,-0.033774032248080815,-0.009171102629661384,0.00497218469176286,0.0249695019541236,0.0033799931611426977
EducationField_Technical Degree,-0.027604387841072123,0.0308688651581144,-0.014801845738549953,-0.02674187362206828,0.005937790887597264,0.027713408643037694,0.011283335437401397,-0.004519417183491136,-0.0547066029929641,-0.049695118045085376,-0.00453524044599413,-0.01381872169905709,-0.04270129365450244,-0.021729280842096715,-0.011043556036348007,-0.024560301191048357,-0.04157655866624536,0.008289250452134748,0.021962120536247732,-0.02139898369214028,0.009682987939967448,0.0038531328843229374,-0.0008359178985644088,0.06935459476482032,-0.023569063914641617,0.0175212077092931,0.038540525594057184,-0.031308843376138346,-0.26305002640681496,-0.10938458544143989,-0.2133137786091096,-0.07634333045956936,1.0,0.0038857006841997166,-0.008622640683542642,-0.026588790546589188,-0.03894639619121698,0.007817277510429094,-0.022905386083770404,0.07621759218830115,-0.05884338276892888,0.05718451052338006,0.002709657099906816,0.014265200186808054,-0.017723156598901158,-0.019794968473403642
Gender_Male,-0.0363105501157935,-0.011716137907748257,-0.0018505279911258026,-0.01654682744388556,0.02255605138250224,0.0005083138899311474,-0.0004782970511301908,0.017959755383917267,-0.039403102676133575,-0.03185849179665441,-0.04148220511998847,-0.03914744956027873,0.0027326475148593088,-0.01385901836168925,0.022868369968027314,0.012715713764063462,-0.04688093947778322,-0.03878673547787918,-0.0027526788208191836,-0.02974708593503418,-0.041482728525767815,-0.026984577172944398,-0.03059890928060248,0.029453253175141608,-0.0220153686553333,-0.014681807474915551,0.015760411549126344,-0.03201716224252659,0.006770370530853238,-0.024142833036533244,-0.013145862183869868,0.02299197700875595,0.0038857006841997166,1.0,0.036082434280106206,0.06779308068162099,-0.033879963522643955,-0.06519742967526493,-0.006121276335929915,0.009745145764694539,-0.005348014173047763,-0.028877416702383446,-0.007803972272476365,-0.03275202337964786,-0.04192434795198779,0.03325169742246444
JobRole_Human Resources,-0.02985636364919198,-0.02115577202383157,-0.024089074840624825,-0.005295146709171291,0.06728663783119404,-0.022014028333158315,-0.016189351078115158,-0.004951807395748499,-0.10092231076655381,-0.09224973083989813,-0.02747035818015502,0.02057807072525466,-0.02103205029315255,-0.01015414067087799,0.044168513692099995,-0.009864498983653842,-0.07648240560226642,-0.03590157129258819,0.043886732819352355,-0.05256865528877004,-0.05787572147652221,-0.05460324612349685,-0.05100555044298012,0.03621508206985592,0.0018962335115070622,0.008961694727111858,-0.2631275724541514,-0.12638077301723735,-0.06311880332437082,-0.06669000849036227,-0.04289495009874678,0.0015937177488246207,-0.008622640683542642,0.036082434280106206,1.0,-0.08856076652551083,-0.052290234995849096,-0.06334897880368381,-0.045941074629124175,-0.09534157826937459,-0.10222552371939744,-0.046845121753336924,0.03099460813932627,-0.052320301823958436,-0.014026144999773739,-0.029681470011203557
JobRole_Laboratory Technician,-0.14317552140370265,-0.006727580803089113,0.012368885752500452,-0.06356602764249294,-0.019721725745617275,-0.0015329215134445642,0.01802842820084187,-0.022723562228166395,-0.34460816240739695,-0.3209057988931377,-0.016056496412368757,-0.021120991534693923,-0.020627667383855207,0.010796354957628478,-0.010690951795650943,0.013386178923933607,-0.2154255433367907,0.05399842821493846,-0.028208597988753158,-0.15018106832844527,-0.13132168883477716,-0.11009915993239536,-0.107071983825018,0.09829048545960263,0.010023442547495029,-0.014814823377194218,0.3365696939302779,-0.30520754215144674,0.044358609349201134,-0.1610553020958848,0.06626230691782349,0.05875943485695565,-0.026588790546589188,0.06779308068162099,-0.08856076652551083,1.0,-0.1262800797984355,-0.1529867689275753,-0.11094695922961947,-0.23024838409927018,-0.24687300207671886,-0.11313021855129174,-0.009232868682279927,0.01987255260905702,-0.044773784057389306,-0.015710233114791687
JobRole_Manager,0.2942477542781271,-0.013223882230405664,-0.03918960706338816,0.028453047508583035,-0.03505793333150188,0.010729647255769258,0.012659370040804458,0.017112423408461763,0.5527441162379678,0.6195731123190031,0.03171681830942358,0.04212457405940667,-0.005393648019721378,0.03205009888218037,0.02563764875491052,-0.01563736533916663,0.4658367766997881,0.0030520873931295196,0.005136642326640747,0.33096516896105593,0.16749855700219968,0.2242548711717466,0.16469508215870468,-0.08331638416449753,-0.04258267858406284,0.02729386748341773,-0.07135571858821983,0.035247787305221344,-0.0111434238506405,0.0255765886450847,-0.0011284735196815823,-0.00804624331235959,-0.03894639619121698,-0.033879963522643955,-0.052290234995849096,-0.1262800797984355,1.0,-0.09033022649114245,-0.06550804377376876,-0.1359489374846051,-0.14576485501628714,-0.06679713766337779,0.049982243757431745,-0.05517598543106699,-0.011085552552484838,-0.005619616624786511
JobRole_Manufacturing Director,0.04972634154449514,-0.005302011701421492,0.011847605945529052,-0.00529046706181117,-0.014350317872215412,0.0591775597524683,-0.014393904502386241,-0.02193857148475829,0.11489586431701278,0.05568392518199041,0.007711273442446198,0.009580496658432906,0.034682123666519765,0.029774861119193596,0.0036400458298008957,0.007734593889713431,0.06407710856434307,-0.013986647262973636,0.002010769459746599,0.03196771012453866,0.06787699698800113,-0.007241256734027405,0.07620699279771989,-0.08299392408134602,0.009782838341375,0.0005982600689697359,0.24075386023911238,-0.2183199951516556,0.05202341059466447,-0.11520551728461023,0.03549632104069696,-0.010819978135028024,0.007817277510429094,-0.06519742967526493,-0.06334897880368381,-0.1529867689275753,-0.09033022649114245,1.0,-0.07936219213443378,-0.16470047150828898,-0.1765923352894061,-0.08092391358195208,0.0028191614372288006,-0.021331291979096653,-0.010301780148618107,-0.013746616636257354
JobRole_Research Director,0.1858910882390938,-2.1240953007292185e-05,-0.02235060000714769,0.049694071858589504,-0.013983108892343327,-0.04868921808600703,-0.025128455154375555,0.015199933456761164,0.4143185480352166,0.4858184346322927,0.025875490982988976,0.09792521790778111,-0.01701723027030984,-0.03574376325223125,-0.005492390706152874,0.015806776160171312,0.31214771611866493,-0.004526890482947506,0.034402697317746096,0.1539183469189037,0.13633217639572698,0.07445451339913053,0.13127892281218675,-0.08886984174978112,-0.023579029989620172,0.03460048925597852,0.174596201381097,-0.15832702246668282,0.018400829158699093,-0.08354775984094266,0.06289785226935028,-0.006044423144233314,-0.022905386083770404,-0.006121276335929915,-0.045941074629124175,-0.11094695922961947,-0.06550804377376876,-0.07936219213443378,1.0,-0.1194418094167329,-0.12806586321783248,-0.0586865269710248,0.00827108117241276,-0.0422985180088642,0.0024002501484605295,-0.006217308217882613
JobRole_Research Scientist,-0.14651767985521644,-0.0026242309952555476,-0.01098565072939938,0.0007092033696276165,-0.017686422168970452,0.0019403931247544972,0.02003367861988928,0.04760447099571142,-0.3877883387228323,-0.3451800266291884,-0.02700835356235387,-0.043981223577246306,0.03253748074943724,0.019416217485639705,-0.003116401245935123,-0.01163453231243703,-0.2281189295732442,-0.05212557163071546,-0.058612637675500706,-0.1540621022250343,-0.13131431270616306,-0.10523738441437037,-0.1276081159796864,-0.00035957134043657725,-0.004460912029783555,0.010587650190985447,0.36233974790303386,-0.3285762974968527,0.04372944003191988,-0.17338678619103043,0.03973521506848046,0.005286472219574445,0.07621759218830115,0.009745145764694539,-0.09534157826937459,-0.23024838409927018,-0.1359489374846051,-0.16470047150828898,-0.1194418094167329,1.0,-0.2657752701735341,-0.12179223385032886,-0.03998722511918175,0.053521622074212315,0.054377813871314705,0.020503061478235034
JobRole_Sales Executive,-0.0020014187410554063,-0.0005128889207940898,0.03076098721983702,0.05339807145288601,0.023263414787013086,-0.0244213742362322,-0.01188619630082922,-0.011413129955688264,0.12748998159288324,0.047791633023389485,0.011854275947130972,0.005913261949418781,-0.046682746432827056,-0.041401206087743336,-0.004835674049771472,0.01575596139238919,-0.012241357558148922,0.013241076706121577,0.032091524931649455,0.0426023162295029,0.0923491523383577,0.04920181896500365,0.0830284141867302,0.019774368459259624,-0.010174885520233604,-0.011920091976733228,-0.7334974197880672,0.8088692708459275,-0.09112205251383622,0.4573081079870903,-0.13353175192807107,-0.03699520795760726,-0.05884338276892888,-0.005348014173047763,-0.10222552371939744,-0.24687300207671886,-0.14576485501628714,-0.1765923352894061,-0.12806586321783248,-0.2657752701735341,1.0,-0.13058599528454062,0.005750590720134687,0.006210157385439689,0.006340583669760697,0.012603740166983225
JobRole_Sales Representative,-0.17578530885734117,0.0053753838512121425,-0.01599418292826937,-0.09146520801149523,0.0062547278312446684,0.0029486023460434676,-0.018703398465039125,-0.027281699678110356,-0.21655936441039186,-0.20151353520068907,-0.0011998071286370296,-0.10449447297075921,0.03110220956136553,-0.006214413066914293,-0.0248588342537087,-0.04806749501885104,-0.20772613702386583,0.04037663342136727,0.04514762496894144,-0.16346437473717199,-0.1497508795577656,-0.08562233194202239,-0.1687433909182348,0.15723427011479307,0.05546892352657774,-0.02525728868166861,-0.3361271694733362,0.37066652335595124,-0.043207889241825795,0.1330650552210525,-0.05199048461862224,-0.033774032248080815,0.05718451052338006,-0.028877416702383446,-0.046845121753336924,-0.11313021855129174,-0.06679713766337779,-0.08092391358195208,-0.0586865269710248,-0.12179223385032886,-0.13058599528454062,1.0,-0.023658624460859326,0.07243920902099071,0.0033471378054063363,0.0014130556178142072
MaritalStatus_Married,0.08391921035720268,0.04003469615085698,0.03023206947989169,-0.0018652925069997648,0.053933218618890486,-0.022180172946198062,0.03643232176051611,0.028324424347787366,0.05054707479845006,0.05676739273840361,-0.03468878717133199,-0.01614207832367683,0.020895441076779642,0.009584628101389034,-0.04338225121134934,0.22557423304867139,0.0535121303321657,-0.02960242079094044,-0.006387994554427054,0.044924691333669865,0.0654877622464794,0.05410247338337042,0.03297192834706002,-0.09098365120728215,-0.030785181006549894,0.05561252910229513,-0.019997232449237172,0.005378410556396504,-0.01786604292637189,0.018491095674649297,-0.007138661296736205,-0.009171102629661384,0.002709657099906816,-0.007803972272476365,0.03099460813932627,-0.009232868682279927,0.049982243757431745,0.0028191614372288006,0.00827108117241276,-0.03998722511918175,0.005750590720134687,-0.023658624460859326,1.0,-0.6299807808105857,-0.01350221462888656,-0.010314939156733373
MaritalStatus_Single,-0.11918517392368957,-0.07583515247022114,-0.02744525929522231,0.004167542666458837,-0.03518943892717842,0.00903549101737541,-0.03343595752677263,-0.04525328672176582,-0.0870716339004345,-0.08936135373925386,0.0372598615854403,-0.019160847395579533,-0.0013858898404772349,-0.0010453705423778923,0.04081702595753585,-0.6389568735215474,-0.08952935421357809,0.0241288382216899,0.014921370508689698,-0.07093537705465294,-0.08648560212732984,-0.05308957685111872,-0.047792885443822986,0.17541855360921932,0.027733911579581168,-0.020808076108798767,-0.009990011759466788,0.0330020675407001,0.021468786419989394,-0.013322545679614774,-0.004248603150384553,0.00497218469176286,0.014265200186808054,-0.03275202337964786,-0.052320301823958436,0.01987255260905702,-0.05517598543106699,-0.021331291979096653,-0.0422985180088642,0.053521622074212315,0.006210157385439689,0.07243920902099071,-0.6299807808105857,1.0,-0.00649839515243575,0.02457136209838302
OverTime_Yes,0.028062357084124138,0.009134969901135045,0.02551363494994626,-0.0203217673957037,-0.024037286786365377,0.07013172677409496,-0.007781974360999907,-0.0035067105694043367,0.0005440477748809546,0.006089285402589957,0.02143114456735346,-0.020785821366833927,-0.005432826650792779,0.004369120061651955,0.04849280287013848,-0.00044867072191974975,0.01275426634193639,-0.07911337155100975,-0.027091878472393197,-0.011687120468355195,-0.029758008947989564,-0.012238822598887951,-0.041585998653857835,0.24611799424580436,0.029391745642947366,-0.0005385845544996112,-0.003035972021499563,0.005863804092724856,-0.013787274276141718,0.014607038904293875,0.0022457879981175382,0.0249695019541236,-0.017723156598901158,-0.04192434795198779,-0.014026144999773739,-0.044773784057389306,-0.011085552552484838,-0.010301780148618107,0.0024002501484605295,0.054377813871314705,0.006340583669760697,0.0033471378054063363,-0.01350221462888656,-0.00649839515243575,1.0,0.024539481060031572
JobSatisfaction,-0.004891877148687355,0.030571007837144015,-0.0036688391677205875,-0.011296116736574012,-0.04624673493941787,-0.0067843525990750695,-0.07133462437378822,-0.021475910335306596,-0.0019437080267456764,-0.0071567423559126524,0.0006439169427038777,-0.05569942601274579,0.02000203936408196,0.0022971970637806014,-0.01245359316192679,0.010690226120755817,-0.0201850726850168,-0.005779334958609014,-0.019458710212974014,-0.0038026279482880434,-0.002304785229830123,-0.018213567810190765,-0.02765621388428991,-0.10348112606902123,0.027116918112133175,-0.03656192361135516,-0.0027976357623328623,0.013498641398039848,0.05200417814820748,-0.02352823943958638,-0.022645460408123843,0.0033799931611426977,-0.019794968473403642,0.03325169742246444,-0.029681470011203557,-0.015710233114791687,-0.005619616624786511,-0.013746616636257354,-0.006217308217882613,0.020503061478235034,0.012603740166983225,0.0014130556178142072,-0.010314939156733373,0.02457136209838302,0.024539481060031572,1.0
